record_id,question_id,message,state_format,gold_label,gold_description,options,verdict,note
clinc-test_indomain-001233,intent,remove grocery shopping from todo list,plain,other,None of the listed intents,"definition: A request asking for the meaning or explanation of a word or concept | report_fraud: Inform the assistant about possible fraud on your financial account | alarm: Requests related to creating or modifying alarms | uber: Request to book or manage an Uber ride with the virtual assistant | travel_alert: Notifications regarding travel risks or safety alerts | what_song: Asking for the title or artist of a song | order: A request to purchase items or services | other: None of the listed intents | accept_reservations: Request information about booking a table at a restaurant | flip_coin: Ask to toss a coin and receive either heads or tails | share_location: A request to share or send your current geographic location to someone | time: Asks what time it is now, here or in a named place | thank_you: A statement conveying thanks or gratitude to the virtual assistant | nutrition_info: Asks for details on food nutrition and dietary values",label_correct,
banking77-v3_banking77_test_full-000826,label,I am having trouble proving my identity.,json,unable_to_verify_identity,Customer cannot confirm their identity during the verification process,unable_to_verify_identity: Customer cannot confirm their identity during the verification process | top_up_by_cash_or_cheque: Questions or issues about adding money using cash or cheque deposits | pending_card_payment: Messages about card payments that have not yet been completed or processed | other: None of the listed options | card_payment_fee_charged: Questions about fees charged for card payments or transactions | disposable_card_limits: Questions or issues about limits on disposable or virtual cards | compromised_card: Report or inquire about a card that may have been stolen or compromised | order_physical_card: Request to order a new physical bank card for account use | request_refund: A customer asks to get their money back for a transaction or payment | terminate_account: Request to close or permanently delete a bank account,label_correct,
clinc-test_indomain-004196,intent,is there a way to change your houses address,plain,other,None of the listed intents,what_is_your_name: Asking what the assistant is called | other: None of the listed intents | smart_home: Control or inquire about smart home devices and automation features | flip_coin: A request to flip a coin and get a random heads or tails result | bill_balance: Request information on how much is due on a bill | income: Inquiries regarding earnings or income details | credit_score: Request details on your credit rating | direct_deposit: Inquiries related to establishing or handling direct deposit transactions | who_made_you: Request information on who made the virtual assistant,label_correct,
banking77-test_banking77-000170,label,How do I get my PIN unlocked?,plain,pin_blocked,Messages about a blocked card PIN preventing access or transactions,card_delivery_estimate: Ask about the expected time for receiving a new or replacement card | pin_blocked: Messages about a blocked card PIN preventing access or transactions | other: None of the listed options | verify_top_up: Ask to confirm or verify a recent top-up transaction on the account | visa_or_mastercard: Questions or issues related to Visa or Mastercard card services or usage | change_pin: Request to change the personal identification number for a card | top_up_by_bank_transfer_charge: Questions about fees charged for topping up account via bank transfer | passcode_forgotten: Customer forgot their passcode and needs help recovering or resetting it | virtual_card_not_working: Issues or problems with using a virtual card for payments or transactions | apple_pay_or_google_pay: Questions or issues related to using Apple Pay or Google Pay services,label_correct,
banking77-v3_banking77_test_full-000954,label,How can I stop fraud on my account right now?,plain,compromised_card,Report or inquire about a card that may have been stolen or compromised,apple_pay_or_google_pay: Questions or issues related to using Apple Pay or Google Pay services | terminate_account: Request to close or permanently delete a bank account | compromised_card: Report or inquire about a card that may have been stolen or compromised | cancel_transfer: Request to stop or cancel a money transfer in progress | other: None of the listed options | order_physical_card: Request to order a new physical bank card for account use | extra_charge_on_statement: Questions about unexpected or unclear extra charges on bank statements | virtual_card_not_working: Issues or problems with using a virtual card for payments or transactions | declined_card_payment: Messages about card payments that have been declined or not approved | supported_cards_and_currencies: Questions about which cards and currencies the bank supports,ambiguous,other also fits: the message says account fraud but does not identify a compromised card.
banking77-v3_banking77_test_full-000213,label,When will my card arrive?,plain,card_delivery_estimate,Ask about the expected time for receiving a new or replacement card,card_swallowed: Customer reports their card was swallowed by an ATM or machine | card_linking: Questions or issues about linking a card to your bank account or app | visa_or_mastercard: Questions or issues related to Visa or Mastercard card services or usage | card_delivery_estimate: Ask about the expected time for receiving a new or replacement card | card_payment_not_recognised: Customer reports a card payment that the bank does not recognize or identify | other: None of the listed options | cash_withdrawal_not_recognised: Customer does not recognize a cash withdrawal transaction on their account | transfer_into_account: Request to deposit or move money into a bank account | change_pin: Request to change the personal identification number for a card | receiving_money: Questions or issues about receiving money into your bank account,label_correct,
banking77-v3_banking77_test_full-001405,label,what happens to the funds if a merchant refuses the payment,plain,reverted_card_payment?,Questions about a card payment that was reversed or refunded,direct_debit_payment_not_recognised: Customer does not recognize a direct debit payment on their account | unable_to_verify_identity: Customer cannot confirm their identity during the verification process | card_not_working: A message about a bank card that is not functioning properly | top_up_failed: Messages about unsuccessful attempts to add money to an account | reverted_card_payment?: Questions about a card payment that was reversed or refunded | other: None of the listed options | country_support: Questions about which countries the bank provides support or services in | balance_not_updated_after_bank_transfer: Customer reports balance not updated after completing a bank transfer | activate_my_card: Request to activate a newly received or existing bank card | passcode_forgotten: Customer forgot their passcode and needs help recovering or resetting it,label_correct,
banking77-v3_banking77_test_full-000050,label,Can I reactivate a card I thought I lost?,plain,card_linking,Questions or issues about linking a card to your bank account or app,other: None of the listed options | activate_my_card: Request to activate a newly received or existing bank card | why_verify_identity: Questions about why the bank needs to verify your identity | card_linking: Questions or issues about linking a card to your bank account or app | request_refund: A customer asks to get their money back for a transaction or payment | pending_card_payment: Messages about card payments that have not yet been completed or processed | card_payment_not_recognised: Customer reports a card payment that the bank does not recognize or identify | exchange_via_app: Questions about exchanging currency or making exchanges using the banking app | card_delivery_estimate: Ask about the expected time for receiving a new or replacement card | getting_spare_card: Requesting an additional or replacement physical card for the account,convention,Literal best option: activate_my_card; reactivating a found card is treated as card_linking by Banking77.
banking77-test_banking77-000067,label,"It's been two weeks, why has the transaction for $1.00 not been reversed?",plain,extra_charge_on_statement,Questions about unexpected or unclear extra charges on bank statements,pending_cash_withdrawal: Questions about cash withdrawals that are still being processed or pending | lost_or_stolen_card: Report a lost or stolen card and request assistance or replacement | verify_source_of_funds: Ask for confirmation or proof of where the funds originated | pending_top_up: Messages about a top up transaction that is still pending or not completed yet | extra_charge_on_statement: Questions about unexpected or unclear extra charges on bank statements | fiat_currency_support: Questions about supported fiat currencies for banking transactions | top_up_limits: Questions about the maximum amount allowed for topping up an account | virtual_card_not_working: Issues or problems with using a virtual card for payments or transactions | other: None of the listed options | country_support: Questions about which countries the bank provides support or services in,label_correct,
banking77-v3_banking77_test_full-001727,label,Will there be additional costs of I make a withdrawal from a local ATM of British pounds? I need some cash to feel comfortable on the journey home,plain,wrong_exchange_rate_for_cash_withdrawal,Customer reports incorrect exchange rate applied to cash withdrawal transaction,exchange_charge: Questions about fees charged for currency exchange transactions | card_payment_fee_charged: Questions about fees charged for card payments or transactions | declined_transfer: Messages about a bank transfer that was declined or not completed | top_up_by_card_charge: Questions or issues about fees charged for topping up by card | direct_debit_payment_not_recognised: Customer does not recognize a direct debit payment on their account | balance_not_updated_after_cheque_or_cash_deposit: Customer reports balance not updated after depositing cheque or cash | other: None of the listed options | wrong_exchange_rate_for_cash_withdrawal: Customer reports incorrect exchange rate applied to cash withdrawal transaction | get_disposable_virtual_card: Requesting a temporary virtual card for secure online transactions | pending_card_payment: Messages about card payments that have not yet been completed or processed,label_wrong,"Best option: other; this asks about cash-withdrawal fees, not an incorrect exchange rate, and no withdrawal-fee intent is listed."
clinc-test_indomain-000227,intent,can you tell me some strategies for raising my credit score,plain,improve_credit_score,Requests for advice or actions to raise a credit score,play_music: Ask to play a specific song or music on the device | other: None of the listed intents | international_visa: Requests for information on international visa application or eligibility | meeting_schedule: Asks which meetings are already scheduled or when a meeting is | interest_rate: Questions or requests about the interest rate on loans or accounts | who_made_you: Request information on who made the virtual assistant | cancel: A command to cancel or withdraw a prior commitment or arrangement | pto_request: Requesting approval for taking paid time off or holiday leave | bill_due: Questions regarding the deadline to pay a bill | improve_credit_score: Requests for advice or actions to raise a credit score | exchange_rate: Inquire about how much one currency is worth in another,label_correct,
banking77-v3_banking77_test_full-002004,label,how do i add money with my apple watch,plain,apple_pay_or_google_pay,Questions or issues related to using Apple Pay or Google Pay services,other: None of the listed options | cash_withdrawal_not_recognised: Customer does not recognize a cash withdrawal transaction on their account | apple_pay_or_google_pay: Questions or issues related to using Apple Pay or Google Pay services | card_payment_wrong_exchange_rate: Messages about card payments processed with incorrect currency exchange rates | edit_personal_details: Requests to change or update personal information on the account | exchange_via_app: Questions about exchanging currency or making exchanges using the banking app | card_arrival: Questions about when and how a new card will arrive | declined_transfer: Messages about a bank transfer that was declined or not completed | top_up_by_card_charge: Questions or issues about fees charged for topping up by card | pending_cash_withdrawal: Questions about cash withdrawals that are still being processed or pending,label_correct,
banking77-v3_banking77_test_full-000732,label,I sent a cheque  a few days ago and nothing has happened to my account yet. Can you please check on this for me?,json,balance_not_updated_after_cheque_or_cash_deposit,Customer reports balance not updated after depositing cheque or cash,pending_top_up: Messages about a top up transaction that is still pending or not completed yet | exchange_rate: Questions or information about currency exchange rates and conversions | other: None of the listed options | balance_not_updated_after_cheque_or_cash_deposit: Customer reports balance not updated after depositing cheque or cash | top_up_by_bank_transfer_charge: Questions about fees charged for topping up account via bank transfer | top_up_by_cash_or_cheque: Questions or issues about adding money using cash or cheque deposits | transfer_not_received_by_recipient: Customer reports a transfer was sent but not received by the recipient | why_verify_identity: Questions about why the bank needs to verify your identity | card_payment_wrong_exchange_rate: Messages about card payments processed with incorrect currency exchange rates | balance_not_updated_after_bank_transfer: Customer reports balance not updated after completing a bank transfer,label_correct,
banking77-test_banking77-000925,label,Are there fees for top ups?,plain,top_up_by_card_charge,Questions or issues about fees charged for topping up by card,top_up_by_bank_transfer_charge: Questions about fees charged for topping up account via bank transfer | other: None of the listed options | virtual_card_not_working: Issues or problems with using a virtual card for payments or transactions | top_up_limits: Questions about the maximum amount allowed for topping up an account | transfer_not_received_by_recipient: Customer reports a transfer was sent but not received by the recipient | getting_spare_card: Requesting an additional or replacement physical card for the account | supported_cards_and_currencies: Questions about which cards and currencies the bank supports | apple_pay_or_google_pay: Questions or issues related to using Apple Pay or Google Pay services | top_up_by_card_charge: Questions or issues about fees charged for topping up by card | terminate_account: Request to close or permanently delete a bank account,ambiguous,top_up_by_bank_transfer_charge also fits because the top-up method is not specified.
banking77-v3_banking77_test_full-001958,label,Will you be able to send the new card to China?,plain,card_about_to_expire,Messages about the card expiring soon and related concerns,other: None of the listed options | balance_not_updated_after_cheque_or_cash_deposit: Customer reports balance not updated after depositing cheque or cash | top_up_limits: Questions about the maximum amount allowed for topping up an account | pending_card_payment: Messages about card payments that have not yet been completed or processed | transaction_charged_twice: Messages about being charged twice for the same transaction | exchange_rate: Questions or information about currency exchange rates and conversions | card_about_to_expire: Messages about the card expiring soon and related concerns | transfer_into_account: Request to deposit or move money into a bank account | visa_or_mastercard: Questions or issues related to Visa or Mastercard card services or usage | card_delivery_estimate: Ask about the expected time for receiving a new or replacement card,convention,"Literal best option: other; the message asks whether a new card can be delivered to China, not about expiry."
clinc-test_indomain-003695,intent,how do i jump start my car,plain,jump_start,Messages asking to quickly launch or activate something,jump_start: Messages asking to quickly launch or activate something | how_old_are_you: Requesting how old the assistant or system is | nutrition_info: Asks for details on food nutrition and dietary values | min_payment: Ask about the minimum payment required on a bill or account | shopping_list: Wants to see the items currently on the shopping list | bill_due: Inquiries about the due date for paying a bill | distance: Request information on the space between two points | other: None of the listed intents | measurement_conversion: Queries about converting values from one measurement system to another | sync_device: Request to connect or synchronize a device with the system | damaged_card: A request concerning a card that is broken or not working | bill_balance: Inquire about the outstanding balance on a bill,label_correct,
banking77-test_banking77-000714,label,Why did I get a message saying that my transfer is not possible?  I have done this before no problem.  Please fix.,plain,beneficiary_not_allowed,Messages about being unable to add or use a specific beneficiary for transfers,card_not_working: A message about a bank card that is not functioning properly | cash_withdrawal_charge: Questions about fees or charges for withdrawing cash from an account | card_payment_not_recognised: Customer reports a card payment that the bank does not recognize or identify | wrong_amount_of_cash_received: Customer received an incorrect amount of cash from a withdrawal or deposit | visa_or_mastercard: Questions or issues related to Visa or Mastercard card services or usage | other: None of the listed options | top_up_by_cash_or_cheque: Questions or issues about adding money using cash or cheque deposits | cancel_transfer: Request to stop or cancel a money transfer in progress | beneficiary_not_allowed: Messages about being unable to add or use a specific beneficiary for transfers | country_support: Questions about which countries the bank provides support or services in,ambiguous,other also fits because the message reports a generic transfer failure and never mentions a beneficiary.
banking77-test_banking77-000438,label,I topped up my card but the money disappeared.,plain,topping_up_by_card,Messages about adding money to an account using a credit or debit card,top_up_failed: Messages about unsuccessful attempts to add money to an account | apple_pay_or_google_pay: Questions or issues related to using Apple Pay or Google Pay services | top_up_by_cash_or_cheque: Questions or issues about adding money using cash or cheque deposits | other: None of the listed options | visa_or_mastercard: Questions or issues related to Visa or Mastercard card services or usage | card_delivery_estimate: Ask about the expected time for receiving a new or replacement card | wrong_amount_of_cash_received: Customer received an incorrect amount of cash from a withdrawal or deposit | country_support: Questions about which countries the bank provides support or services in | topping_up_by_card: Messages about adding money to an account using a credit or debit card | top_up_reverted: Messages about a top up transaction that was reversed or cancelled,label_wrong,Best option: top_up_reverted; the top-up disappeared after being added.
banking77-v3_banking77_test_full-001158,label,What's the refund process?,plain,request_refund,A customer asks to get their money back for a transaction or payment,failed_transfer: Messages about a money transfer that did not complete successfully | cash_withdrawal_charge: Questions about fees or charges for withdrawing cash from an account | card_about_to_expire: Messages about the card expiring soon and related concerns | card_not_working: A message about a bank card that is not functioning properly | virtual_card_not_working: Issues or problems with using a virtual card for payments or transactions | card_acceptance: Questions about where and how to use a bank card for payments | direct_debit_payment_not_recognised: Customer does not recognize a direct debit payment on their account | other: None of the listed options | request_refund: A customer asks to get their money back for a transaction or payment | transaction_charged_twice: Messages about being charged twice for the same transaction,label_correct,
clinc-test_indomain-002785,intent,give weather update now,json,weather,An inquiry about the weather now or later,weather: An inquiry about the weather now or later | schedule_meeting: Asks to set up a meeting or whether a meeting room is free | pto_request_status: Inquire about the progress of a PTO request | w2: Inquire how to get or submit a W-2 tax document | other: None of the listed intents,label_correct,
banking77-test_banking77-000278,label,When will my funds transfer?,json,transfer_not_received_by_recipient,Customer reports a transfer was sent but not received by the recipient,transfer_timing: Questions about how long a bank transfer takes to complete | top_up_limits: Questions about the maximum amount allowed for topping up an account | transfer_not_received_by_recipient: Customer reports a transfer was sent but not received by the recipient | card_arrival: Questions about when and how a new card will arrive | pending_card_payment: Messages about card payments that have not yet been completed or processed | top_up_failed: Messages about unsuccessful attempts to add money to an account | balance_not_updated_after_bank_transfer: Customer reports balance not updated after completing a bank transfer | terminate_account: Request to close or permanently delete a bank account | top_up_by_card_charge: Questions or issues about fees charged for topping up by card | other: None of the listed options,label_wrong,Best option: transfer_timing; the message asks when funds will transfer and does not say a recipient is waiting.
banking77-test_banking77-000788,label,What is the importance of verifying the top-up?,plain,verify_top_up,Ask to confirm or verify a recent top-up transaction on the account,other: None of the listed options | pending_cash_withdrawal: Questions about cash withdrawals that are still being processed or pending | passcode_forgotten: Customer forgot their passcode and needs help recovering or resetting it | transfer_timing: Questions about how long a bank transfer takes to complete | get_disposable_virtual_card: Requesting a temporary virtual card for secure online transactions | disposable_card_limits: Questions or issues about limits on disposable or virtual cards | receiving_money: Questions or issues about receiving money into your bank account | unable_to_verify_identity: Customer cannot confirm their identity during the verification process | order_physical_card: Request to order a new physical bank card for account use | verify_top_up: Ask to confirm or verify a recent top-up transaction on the account,label_correct,
banking77-v3_banking77_test_full-000997,label,someone stole my money,plain,direct_debit_payment_not_recognised,Customer does not recognize a direct debit payment on their account,transfer_timing: Questions about how long a bank transfer takes to complete | Refund_not_showing_up: Messages about refunds that have been issued but not received yet | wrong_exchange_rate_for_cash_withdrawal: Customer reports incorrect exchange rate applied to cash withdrawal transaction | card_payment_not_recognised: Customer reports a card payment that the bank does not recognize or identify | direct_debit_payment_not_recognised: Customer does not recognize a direct debit payment on their account | other: None of the listed options | automatic_top_up: Questions or issues related to automatic account top-up services | cash_withdrawal_charge: Questions about fees or charges for withdrawing cash from an account | transfer_into_account: Request to deposit or move money into a bank account | top_up_failed: Messages about unsuccessful attempts to add money to an account,ambiguous,card_payment_not_recognised or other fits equally because the message does not identify the transaction type.
clinc-test_indomain-004813,intent,what is the deadline to register at university of georgia,plain,other,None of the listed intents,card_declined: Inquiries related to a card transaction failing or being denied | pto_used: Messages about time off already taken from work or vacation days | other: None of the listed intents | next_song: Ask to skip to the following song in the playlist,label_correct,
banking77-v3_banking77_test_full-001253,label,Someone transferred money to me and it doesn't show,plain,pending_transfer,Messages about a bank transfer that is still processing or not completed,top_up_by_cash_or_cheque: Questions or issues about adding money using cash or cheque deposits | getting_virtual_card: Requesting information or help to obtain a virtual card from the bank | balance_not_updated_after_cheque_or_cash_deposit: Customer reports balance not updated after depositing cheque or cash | transfer_not_received_by_recipient: Customer reports a transfer was sent but not received by the recipient | passcode_forgotten: Customer forgot their passcode and needs help recovering or resetting it | pending_card_payment: Messages about card payments that have not yet been completed or processed | pending_transfer: Messages about a bank transfer that is still processing or not completed | receiving_money: Questions or issues about receiving money into your bank account | verify_my_identity: Messages asking how to confirm or prove your identity with the bank | other: None of the listed options,label_wrong,Best option: transfer_not_received_by_recipient; the speaker is the recipient and the sent money has not arrived.
banking77-test_banking77-000978,label,What do you need to verify my identity?,plain,verify_my_identity,Messages asking how to confirm or prove your identity with the bank,compromised_card: Report or inquire about a card that may have been stolen or compromised | cancel_transfer: Request to stop or cancel a money transfer in progress | verify_my_identity: Messages asking how to confirm or prove your identity with the bank | card_delivery_estimate: Ask about the expected time for receiving a new or replacement card | exchange_via_app: Questions about exchanging currency or making exchanges using the banking app | supported_cards_and_currencies: Questions about which cards and currencies the bank supports | other: None of the listed options | age_limit: Questions about the minimum or maximum age required for banking services | activate_my_card: Request to activate a newly received or existing bank card | unable_to_verify_identity: Customer cannot confirm their identity during the verification process,label_correct,
banking77-test_banking77-000348,label,I don't recognise a card payment,plain,card_payment_not_recognised,Customer reports a card payment that the bank does not recognize or identify,wrong_exchange_rate_for_cash_withdrawal: Customer reports incorrect exchange rate applied to cash withdrawal transaction | pending_card_payment: Messages about card payments that have not yet been completed or processed | card_not_working: A message about a bank card that is not functioning properly | receiving_money: Questions or issues about receiving money into your bank account | lost_or_stolen_card: Report a lost or stolen card and request assistance or replacement | pending_cash_withdrawal: Questions about cash withdrawals that are still being processed or pending | lost_or_stolen_phone: Report a lost or stolen phone linked to your bank account | card_payment_not_recognised: Customer reports a card payment that the bank does not recognize or identify | other: None of the listed options | age_limit: Questions about the minimum or maximum age required for banking services,label_correct,
clinc-test_indomain-000195,intent,can i take pto from the end of the month to the 5th of the next month,plain,pto_request,Requesting approval for taking paid time off or holiday leave,reminder_update: Wants the assistant to remind them about something later | oil_change_how: Inquiries on the steps to change a car's oil | measurement_conversion: Queries about converting values from one measurement system to another | distance: Request information on the space between two points | pto_request: Requesting approval for taking paid time off or holiday leave | other: None of the listed intents,label_correct,
banking77-v3_banking77_test_full-000599,label,I am still awaiting the completion of the transaction.,plain,transfer_not_received_by_recipient,Customer reports a transfer was sent but not received by the recipient,exchange_charge: Questions about fees charged for currency exchange transactions | transfer_not_received_by_recipient: Customer reports a transfer was sent but not received by the recipient | order_physical_card: Request to order a new physical bank card for account use | unable_to_verify_identity: Customer cannot confirm their identity during the verification process | other: None of the listed options | card_not_working: A message about a bank card that is not functioning properly | failed_transfer: Messages about a money transfer that did not complete successfully | visa_or_mastercard: Questions or issues related to Visa or Mastercard card services or usage | top_up_by_bank_transfer_charge: Questions about fees charged for topping up account via bank transfer | verify_top_up: Ask to confirm or verify a recent top-up transaction on the account,label_wrong,Best option: other; the message only says a transaction is incomplete and gives no recipient context.
banking77-test_banking77-000523,label,I am waiting for a payment to go through.,json,pending_card_payment,Messages about card payments that have not yet been completed or processed,atm_support: Questions or issues related to using or finding ATMs | card_payment_not_recognised: Customer reports a card payment that the bank does not recognize or identify | beneficiary_not_allowed: Messages about being unable to add or use a specific beneficiary for transfers | card_linking: Questions or issues about linking a card to your bank account or app | passcode_forgotten: Customer forgot their passcode and needs help recovering or resetting it | card_payment_fee_charged: Questions about fees charged for card payments or transactions | card_about_to_expire: Messages about the card expiring soon and related concerns | cancel_transfer: Request to stop or cancel a money transfer in progress | other: None of the listed options | pending_card_payment: Messages about card payments that have not yet been completed or processed,label_correct,
banking77-v3_banking77_test_full-000843,label,What do I do with my card PIN?,plain,get_physical_card,Requesting to receive a new physical bank card by mail or pickup,apple_pay_or_google_pay: Questions or issues related to using Apple Pay or Google Pay services | get_physical_card: Requesting to receive a new physical bank card by mail or pickup | exchange_charge: Questions about fees charged for currency exchange transactions | beneficiary_not_allowed: Messages about being unable to add or use a specific beneficiary for transfers | card_swallowed: Customer reports their card was swallowed by an ATM or machine | other: None of the listed options | transfer_timing: Questions about how long a bank transfer takes to complete | passcode_forgotten: Customer forgot their passcode and needs help recovering or resetting it | card_arrival: Questions about when and how a new card will arrive | top_up_limits: Questions about the maximum amount allowed for topping up an account,convention,"Literal best option: other; this is a PIN question, but Banking77 convention assigns such cases to get_physical_card."
banking77-v3_banking77_test_full-000617,label,Which forms of currency are accepted?,plain,supported_cards_and_currencies,Questions about which cards and currencies the bank supports,receiving_money: Questions or issues about receiving money into your bank account | transfer_fee_charged: Questions about fees charged for making a bank transfer | other: None of the listed options | compromised_card: Report or inquire about a card that may have been stolen or compromised | card_delivery_estimate: Ask about the expected time for receiving a new or replacement card | fiat_currency_support: Questions about supported fiat currencies for banking transactions | failed_transfer: Messages about a money transfer that did not complete successfully | passcode_forgotten: Customer forgot their passcode and needs help recovering or resetting it | supported_cards_and_currencies: Questions about which cards and currencies the bank supports | request_refund: A customer asks to get their money back for a transaction or payment,ambiguous,fiat_currency_support is at least as specific for accepted currencies.
banking77-test_banking77-000542,label,I was mugged yesterday and they took everything.  I can't access my app.  What are my next steps?,json,lost_or_stolen_phone,Report a lost or stolen phone linked to your bank account,other: None of the listed options | lost_or_stolen_card: Report a lost or stolen card and request assistance or replacement | top_up_failed: Messages about unsuccessful attempts to add money to an account | verify_top_up: Ask to confirm or verify a recent top-up transaction on the account | virtual_card_not_working: Issues or problems with using a virtual card for payments or transactions | lost_or_stolen_phone: Report a lost or stolen phone linked to your bank account | transaction_charged_twice: Messages about being charged twice for the same transaction | top_up_by_bank_transfer_charge: Questions about fees charged for topping up account via bank transfer | compromised_card: Report or inquire about a card that may have been stolen or compromised | country_support: Questions about which countries the bank provides support or services in,label_correct,
banking77-v3_banking77_test_full-000591,label,I made a transaction and it is taking a very long time to go through.,plain,transfer_not_received_by_recipient,Customer reports a transfer was sent but not received by the recipient,card_payment_not_recognised: Customer reports a card payment that the bank does not recognize or identify | top_up_limits: Questions about the maximum amount allowed for topping up an account | getting_spare_card: Requesting an additional or replacement physical card for the account | lost_or_stolen_card: Report a lost or stolen card and request assistance or replacement | other: None of the listed options | transfer_not_received_by_recipient: Customer reports a transfer was sent but not received by the recipient | contactless_not_working: Messages about problems using contactless payment with a card or device | visa_or_mastercard: Questions or issues related to Visa or Mastercard card services or usage | transfer_timing: Questions about how long a bank transfer takes to complete | get_physical_card: Requesting to receive a new physical bank card by mail or pickup,label_wrong,Best option: transfer_timing; the message asks about a slow transaction and does not mention a recipient.
banking77-v3_banking77_test_full-001106,label,What does a pending transaction mean?,plain,pending_card_payment,Messages about card payments that have not yet been completed or processed,exchange_via_app: Questions about exchanging currency or making exchanges using the banking app | order_physical_card: Request to order a new physical bank card for account use | other: None of the listed options | declined_transfer: Messages about a bank transfer that was declined or not completed | lost_or_stolen_card: Report a lost or stolen card and request assistance or replacement | pending_transfer: Messages about a bank transfer that is still processing or not completed | card_linking: Questions or issues about linking a card to your bank account or app | top_up_reverted: Messages about a top up transaction that was reversed or cancelled | atm_support: Questions or issues related to using or finding ATMs | pending_card_payment: Messages about card payments that have not yet been completed or processed,ambiguous,pending_transfer fits equally because the transaction type is not specified.
clinc-test_indomain-002040,intent,tell me how to go about reporting a damaged card,plain,damaged_card,An issue reported about a damaged payment card,spending_history: Requests for details about past spending or purchase history | insurance: Questions or requests related to insurance policies and coverage | other: None of the listed intents | damaged_card: An issue reported about a damaged payment card | who_do_you_work_for: Ask which person or organization the assistant works for | whisper_mode: Asking the assistant to respond in a soft or whispering tone | tire_change: Requests or questions about changing a car tire or tire replacement | ingredients_list: A list of ingredients needed to prepare a specific dish or recipe | lost_luggage: Messages about lost or missing luggage during travel,label_correct,
clinc-test_indomain-004938,intent,where can i have a black and white photo blown up to poster size,json,other,None of the listed intents,other: None of the listed intents | make_call: Requesting to dial and call a contact | travel_notification: Notifies the bank or card issuer of travel plans | lost_luggage: Messages about lost or missing luggage during travel | measurement_conversion: Queries about converting values from one measurement system to another | improve_credit_score: Requests for advice or actions to raise a credit score | spending_history: Questions regarding historical spending or purchase data,label_correct,
banking77-test_banking77-000768,label,How do I top up my card?,plain,transfer_into_account,Request to deposit or move money into a bank account,extra_charge_on_statement: Questions about unexpected or unclear extra charges on bank statements | fiat_currency_support: Questions about supported fiat currencies for banking transactions | lost_or_stolen_card: Report a lost or stolen card and request assistance or replacement | other: None of the listed options | wrong_exchange_rate_for_cash_withdrawal: Customer reports incorrect exchange rate applied to cash withdrawal transaction | pin_blocked: Messages about a blocked card PIN preventing access or transactions | transaction_charged_twice: Messages about being charged twice for the same transaction | pending_card_payment: Messages about card payments that have not yet been completed or processed | passcode_forgotten: Customer forgot their passcode and needs help recovering or resetting it | transfer_into_account: Request to deposit or move money into a bank account,label_correct,
banking77-v3_banking77_test_full-000143,label,Why do I have a pending cash withdrawal?,plain,pending_cash_withdrawal,Questions about cash withdrawals that are still being processed or pending,country_support: Questions about which countries the bank provides support or services in | lost_or_stolen_card: Report a lost or stolen card and request assistance or replacement | disposable_card_limits: Questions or issues about limits on disposable or virtual cards | exchange_charge: Questions about fees charged for currency exchange transactions | topping_up_by_card: Messages about adding money to an account using a credit or debit card | card_payment_wrong_exchange_rate: Messages about card payments processed with incorrect currency exchange rates | other: None of the listed options | cancel_transfer: Request to stop or cancel a money transfer in progress | edit_personal_details: Requests to change or update personal information on the account | pending_cash_withdrawal: Questions about cash withdrawals that are still being processed or pending,label_correct,
banking77-v3_banking77_test_full-002033,label,What's the process for ID verification?,plain,verify_my_identity,Messages asking how to confirm or prove your identity with the bank,exchange_rate: Questions or information about currency exchange rates and conversions | verify_my_identity: Messages asking how to confirm or prove your identity with the bank | other: None of the listed options | card_acceptance: Questions about where and how to use a bank card for payments | direct_debit_payment_not_recognised: Customer does not recognize a direct debit payment on their account | top_up_by_cash_or_cheque: Questions or issues about adding money using cash or cheque deposits | disposable_card_limits: Questions or issues about limits on disposable or virtual cards | cash_withdrawal_charge: Questions about fees or charges for withdrawing cash from an account | card_payment_fee_charged: Questions about fees charged for card payments or transactions | order_physical_card: Request to order a new physical bank card for account use,label_correct,
banking77-test_banking77-000780,label,Can you give me information about verification code?,plain,verify_top_up,Ask to confirm or verify a recent top-up transaction on the account,verify_my_identity: Messages asking how to confirm or prove your identity with the bank | lost_or_stolen_card: Report a lost or stolen card and request assistance or replacement | apple_pay_or_google_pay: Questions or issues related to using Apple Pay or Google Pay services | other: None of the listed options | compromised_card: Report or inquire about a card that may have been stolen or compromised | beneficiary_not_allowed: Messages about being unable to add or use a specific beneficiary for transfers | verify_top_up: Ask to confirm or verify a recent top-up transaction on the account | passcode_forgotten: Customer forgot their passcode and needs help recovering or resetting it | unable_to_verify_identity: Customer cannot confirm their identity during the verification process | top_up_limits: Questions about the maximum amount allowed for topping up an account,label_wrong,Best option: other; a generic verification code is not specifically a top-up verification.
banking77-v3_banking77_test_full-001754,label,What do I do to get a disposable virtual card?,plain,get_disposable_virtual_card,Requesting a temporary virtual card for secure online transactions,top_up_failed: Messages about unsuccessful attempts to add money to an account | cash_withdrawal_charge: Questions about fees or charges for withdrawing cash from an account | receiving_money: Questions or issues about receiving money into your bank account | other: None of the listed options | verify_my_identity: Messages asking how to confirm or prove your identity with the bank | card_acceptance: Questions about where and how to use a bank card for payments | automatic_top_up: Questions or issues related to automatic account top-up services | lost_or_stolen_card: Report a lost or stolen card and request assistance or replacement | supported_cards_and_currencies: Questions about which cards and currencies the bank supports | get_disposable_virtual_card: Requesting a temporary virtual card for secure online transactions,label_correct,
banking77-test_banking77-000496,label,"How do I reset a forgotten passcode, please?",plain,passcode_forgotten,Customer forgot their passcode and needs help recovering or resetting it,other: None of the listed options | compromised_card: Report or inquire about a card that may have been stolen or compromised | pending_cash_withdrawal: Questions about cash withdrawals that are still being processed or pending | card_delivery_estimate: Ask about the expected time for receiving a new or replacement card | lost_or_stolen_card: Report a lost or stolen card and request assistance or replacement | automatic_top_up: Questions or issues related to automatic account top-up services | card_arrival: Questions about when and how a new card will arrive | top_up_by_bank_transfer_charge: Questions about fees charged for topping up account via bank transfer | exchange_via_app: Questions about exchanging currency or making exchanges using the banking app | passcode_forgotten: Customer forgot their passcode and needs help recovering or resetting it,label_correct,
banking77-test_banking77-000426,label,Why can't I see my topup in my wallet anymore?,plain,topping_up_by_card,Messages about adding money to an account using a credit or debit card,top_up_failed: Messages about unsuccessful attempts to add money to an account | card_payment_wrong_exchange_rate: Messages about card payments processed with incorrect currency exchange rates | card_not_working: A message about a bank card that is not functioning properly | virtual_card_not_working: Issues or problems with using a virtual card for payments or transactions | pending_transfer: Messages about a bank transfer that is still processing or not completed | other: None of the listed options | top_up_reverted: Messages about a top up transaction that was reversed or cancelled | topping_up_by_card: Messages about adding money to an account using a credit or debit card | country_support: Questions about which countries the bank provides support or services in | passcode_forgotten: Customer forgot their passcode and needs help recovering or resetting it,label_wrong,Best option: top_up_reverted; the top-up was visible and then disappeared.
clinc-test_indomain-005046,intent,does the nsa listen to me,plain,other,None of the listed intents,reset_settings: A request to restore device or app settings to their defaults | date: An inquiry or statement regarding a certain date | are_you_a_bot: Questions asking if the assistant is a robot or AI | international_visa: Questions or requests about obtaining or requirements for an international visa | schedule_meeting: Requests scheduling a meeting or booking a room for one | update_playlist: Asks to change or update the current music playlist | who_made_you: Ask about the creator or developer of the virtual assistant | accept_reservations: Request information about booking a table at a restaurant | credit_limit_change: Requests to increase or decrease the credit card spending limit | ingredients_list: Details of components required for cooking a particular meal | other: None of the listed intents | book_hotel: Ask to book accommodation at a hotel | confirm_reservation: A message confirming or verifying an existing reservation | restaurant_suggestion: Asking for suggestions of restaurants or dining options,label_correct,
banking77-v3_banking77_test_full-001400,label,why did the app refuse to make an approved payment,plain,reverted_card_payment?,Questions about a card payment that was reversed or refunded,get_physical_card: Requesting to receive a new physical bank card by mail or pickup | other: None of the listed options | request_refund: A customer asks to get their money back for a transaction or payment | terminate_account: Request to close or permanently delete a bank account | reverted_card_payment?: Questions about a card payment that was reversed or refunded | virtual_card_not_working: Issues or problems with using a virtual card for payments or transactions | apple_pay_or_google_pay: Questions or issues related to using Apple Pay or Google Pay services | top_up_by_bank_transfer_charge: Questions about fees charged for topping up account via bank transfer | transfer_into_account: Request to deposit or move money into a bank account | supported_cards_and_currencies: Questions about which cards and currencies the bank supports,label_correct,
banking77-v3_banking77_test_full-000273,label,How do I interconvert between AUD and GBP?,plain,exchange_via_app,Questions about exchanging currency or making exchanges using the banking app,verify_source_of_funds: Ask for confirmation or proof of where the funds originated | card_not_working: A message about a bank card that is not functioning properly | top_up_by_card_charge: Questions or issues about fees charged for topping up by card | atm_support: Questions or issues related to using or finding ATMs | other: None of the listed options | exchange_rate: Questions or information about currency exchange rates and conversions | exchange_via_app: Questions about exchanging currency or making exchanges using the banking app | getting_spare_card: Requesting an additional or replacement physical card for the account | fiat_currency_support: Questions about supported fiat currencies for banking transactions | beneficiary_not_allowed: Messages about being unable to add or use a specific beneficiary for transfers,label_correct,
banking77-v3_banking77_test_full-000902,label,"I followed the instructions to transfer money using my card, but then the money disappeared and I don't know what happened.",plain,topping_up_by_card,Messages about adding money to an account using a credit or debit card,cash_withdrawal_not_recognised: Customer does not recognize a cash withdrawal transaction on their account | topping_up_by_card: Messages about adding money to an account using a credit or debit card | other: None of the listed options | get_disposable_virtual_card: Requesting a temporary virtual card for secure online transactions | verify_top_up: Ask to confirm or verify a recent top-up transaction on the account | pending_top_up: Messages about a top up transaction that is still pending or not completed yet | edit_personal_details: Requests to change or update personal information on the account | Refund_not_showing_up: Messages about refunds that have been issued but not received yet | balance_not_updated_after_cheque_or_cash_deposit: Customer reports balance not updated after depositing cheque or cash | declined_card_payment: Messages about card payments that have been declined or not approved,ambiguous,pending_top_up or other also fits because the message describes money disappearing after a card transfer rather than merely how to top up.
clinc-test_indomain-003676,intent,"march 2nd through march 18th, i'm going to need a jeep in frankfort",plain,car_rental,Asking to book a car rental or get information on renting cars,car_rental: Asking to book a car rental or get information on renting cars | other: None of the listed intents | improve_credit_score: Requests for advice or actions to raise a credit score,label_correct,
banking77-v3_banking77_test_full-001002,label,Weird charges are appearing in my debit account.,plain,direct_debit_payment_not_recognised,Customer does not recognize a direct debit payment on their account,exchange_rate: Questions or information about currency exchange rates and conversions | card_not_working: A message about a bank card that is not functioning properly | direct_debit_payment_not_recognised: Customer does not recognize a direct debit payment on their account | getting_virtual_card: Requesting information or help to obtain a virtual card from the bank | country_support: Questions about which countries the bank provides support or services in | verify_top_up: Ask to confirm or verify a recent top-up transaction on the account | Refund_not_showing_up: Messages about refunds that have been issued but not received yet | card_payment_not_recognised: Customer reports a card payment that the bank does not recognize or identify | transfer_into_account: Request to deposit or move money into a bank account | other: None of the listed options,ambiguous,card_payment_not_recognised also fits because 'debit account' does not establish a direct-debit transaction.
clinc-test_indomain-004046,intent,how many cars average are on the road daily,json,other,None of the listed intents,date: A request for details about a particular date | bill_due: Inquiries about the due date for paying a bill | yes: A response showing approval or acceptance | jump_start: Messages asking to quickly launch or activate something | direct_deposit: Requests or questions about setting up or managing direct deposit payments | what_is_your_name: A request to know the assistant's name | routing: Inquiries about routing numbers used in banking transactions | pay_bill: Asking to settle or pay an outstanding bill | damaged_card: A message about a credit or debit card that is damaged or unusable | pto_request: A request to take paid time off from work or schedule vacation days | other: None of the listed intents,label_correct,
banking77-test_banking77-000497,label,What should I do if the passcode doesn't work for me?,plain,passcode_forgotten,Customer forgot their passcode and needs help recovering or resetting it,contactless_not_working: Messages about problems using contactless payment with a card or device | change_pin: Request to change the personal identification number for a card | card_arrival: Questions about when and how a new card will arrive | atm_support: Questions or issues related to using or finding ATMs | other: None of the listed options | country_support: Questions about which countries the bank provides support or services in | pending_card_payment: Messages about card payments that have not yet been completed or processed | balance_not_updated_after_cheque_or_cash_deposit: Customer reports balance not updated after depositing cheque or cash | passcode_forgotten: Customer forgot their passcode and needs help recovering or resetting it | exchange_charge: Questions about fees charged for currency exchange transactions,ambiguous,"other also fits because the passcode is said not to work, not to be forgotten."
clinc-test_indomain-002761,intent,current weather,json,weather,A request for information on weather or weather forecasts,improve_credit_score: Seeking tips or help to improve creditworthiness | travel_alert: Information about travel warnings and safety updates | weather: A request for information on weather or weather forecasts | other: None of the listed intents,label_correct,
banking77-v3_banking77_test_full-000404,label,How do I enable contactless pay?,plain,contactless_not_working,Messages about problems using contactless payment with a card or device,pending_card_payment: Messages about card payments that have not yet been completed or processed | card_acceptance: Questions about where and how to use a bank card for payments | extra_charge_on_statement: Questions about unexpected or unclear extra charges on bank statements | edit_personal_details: Requests to change or update personal information on the account | top_up_failed: Messages about unsuccessful attempts to add money to an account | pending_transfer: Messages about a bank transfer that is still processing or not completed | contactless_not_working: Messages about problems using contactless payment with a card or device | apple_pay_or_google_pay: Questions or issues related to using Apple Pay or Google Pay services | balance_not_updated_after_bank_transfer: Customer reports balance not updated after completing a bank transfer | other: None of the listed options,label_correct,
banking77-v3_banking77_test_full-000787,label,How can I edit my personal details?,plain,edit_personal_details,Requests to change or update personal information on the account,automatic_top_up: Questions or issues related to automatic account top-up services | card_about_to_expire: Messages about the card expiring soon and related concerns | why_verify_identity: Questions about why the bank needs to verify your identity | other: None of the listed options | change_pin: Request to change the personal identification number for a card | card_payment_wrong_exchange_rate: Messages about card payments processed with incorrect currency exchange rates | age_limit: Questions about the minimum or maximum age required for banking services | transaction_charged_twice: Messages about being charged twice for the same transaction | visa_or_mastercard: Questions or issues related to Visa or Mastercard card services or usage | edit_personal_details: Requests to change or update personal information on the account,label_correct,
banking77-v3_banking77_test_full-000797,label,I would like to not have to do the identity verification.,plain,why_verify_identity,Questions about why the bank needs to verify your identity,wrong_exchange_rate_for_cash_withdrawal: Customer reports incorrect exchange rate applied to cash withdrawal transaction | unable_to_verify_identity: Customer cannot confirm their identity during the verification process | other: None of the listed options | card_delivery_estimate: Ask about the expected time for receiving a new or replacement card | exchange_charge: Questions about fees charged for currency exchange transactions | why_verify_identity: Questions about why the bank needs to verify your identity | extra_charge_on_statement: Questions about unexpected or unclear extra charges on bank statements | verify_source_of_funds: Ask for confirmation or proof of where the funds originated | reverted_card_payment?: Questions about a card payment that was reversed or refunded | card_acceptance: Questions about where and how to use a bank card for payments,label_correct,
banking77-v3_banking77_test_full-001157,label,I would like to cancel a payment. I purchased something several days ago and i still have not received it.,plain,request_refund,A customer asks to get their money back for a transaction or payment,reverted_card_payment?: Questions about a card payment that was reversed or refunded | verify_top_up: Ask to confirm or verify a recent top-up transaction on the account | card_about_to_expire: Messages about the card expiring soon and related concerns | pending_top_up: Messages about a top up transaction that is still pending or not completed yet | other: None of the listed options | top_up_reverted: Messages about a top up transaction that was reversed or cancelled | request_refund: A customer asks to get their money back for a transaction or payment | declined_cash_withdrawal: A cash withdrawal was declined or not authorized at an ATM or bank | exchange_charge: Questions about fees charged for currency exchange transactions | top_up_by_bank_transfer_charge: Questions about fees charged for topping up account via bank transfer,label_correct,
banking77-v3_banking77_test_full-001819,label,Where is my transfer from [country]?,plain,balance_not_updated_after_bank_transfer,Customer reports balance not updated after completing a bank transfer,order_physical_card: Request to order a new physical bank card for account use | unable_to_verify_identity: Customer cannot confirm their identity during the verification process | other: None of the listed options | beneficiary_not_allowed: Messages about being unable to add or use a specific beneficiary for transfers | balance_not_updated_after_bank_transfer: Customer reports balance not updated after completing a bank transfer | exchange_via_app: Questions about exchanging currency or making exchanges using the banking app | verify_source_of_funds: Ask for confirmation or proof of where the funds originated | transfer_into_account: Request to deposit or move money into a bank account | top_up_by_card_charge: Questions or issues about fees charged for topping up by card | declined_card_payment: Messages about card payments that have been declined or not approved,label_correct,
clinc-test_indomain-005527,intent,search the web for monthly parking near my house,plain,other,None of the listed intents,cancel_reservation: Canceling a previously made reservation or appointment | flip_coin: A request to flip a coin and get a random heads or tails result | change_language: User wants to set the virtual assistant to a different language | weather: An inquiry about the weather now or later | bill_due: Messages asking about when a bill payment is due or needs to be made | confirm_reservation: A request to confirm a previously made reservation | oil_change_when: Inquire about the timing for the next vehicle oil change | play_music: A request to play music or start a song on the device | who_do_you_work_for: Request information on who created or supports the assistant | yes: A message indicating agreement or affirmation | definition: A request asking for the meaning or explanation of a word or concept | card_declined: Messages about a payment card being declined or not accepted | other: None of the listed intents,label_correct,
banking77-test_banking77-000717,label,What's the deal with no cryptocurrency on your app?,plain,beneficiary_not_allowed,Messages about being unable to add or use a specific beneficiary for transfers,get_disposable_virtual_card: Requesting a temporary virtual card for secure online transactions | declined_card_payment: Messages about card payments that have been declined or not approved | exchange_rate: Questions or information about currency exchange rates and conversions | card_arrival: Questions about when and how a new card will arrive | transaction_charged_twice: Messages about being charged twice for the same transaction | other: None of the listed options | cash_withdrawal_charge: Questions about fees or charges for withdrawing cash from an account | topping_up_by_card: Messages about adding money to an account using a credit or debit card | beneficiary_not_allowed: Messages about being unable to add or use a specific beneficiary for transfers | automatic_top_up: Questions or issues related to automatic account top-up services,label_wrong,Best option: other; asking why cryptocurrency is unavailable is unrelated to a transfer beneficiary.
clinc-test_indomain-005780,intent,can a polar bear live in alabama,json,other,None of the listed intents,tell_joke: A request for the assistant to share a joke or humorous story | date: A message asking about or providing information on a specific date | how_busy: Asking how busy a place or service currently is | apr: Inquire about the yearly interest rate called APR for credit or loans | routing: Questions related to bank routing codes or routing information | other: None of the listed intents | change_volume: Asking to increase or decrease the device's volume | reminder: Checks which reminders are currently saved | transfer: Asking to transfer money from one account to another,label_correct,
clinc-test_indomain-004412,intent,find engineering programs to apply to,plain,other,None of the listed intents,other: None of the listed intents | measurement_conversion: Requests to convert units of measurement from one type to another | smart_home: Manage or ask about home automation and connected devices,label_correct,
banking77-v3_banking77_test_full-000639,label,how do i get a virtual card?,json,getting_virtual_card,Requesting information or help to obtain a virtual card from the bank,card_about_to_expire: Messages about the card expiring soon and related concerns | top_up_by_bank_transfer_charge: Questions about fees charged for topping up account via bank transfer | transfer_not_received_by_recipient: Customer reports a transfer was sent but not received by the recipient | card_linking: Questions or issues about linking a card to your bank account or app | pending_card_payment: Messages about card payments that have not yet been completed or processed | getting_virtual_card: Requesting information or help to obtain a virtual card from the bank | other: None of the listed options | top_up_reverted: Messages about a top up transaction that was reversed or cancelled | transfer_into_account: Request to deposit or move money into a bank account | transaction_charged_twice: Messages about being charged twice for the same transaction,label_correct,
clinc-test_indomain-005548,intent,see if you can find a good vegetable wash for me,json,other,None of the listed intents,vaccines: Questions or requests about vaccines and immunization information | cancel_reservation: A request to cancel an existing reservation or booking | weather: A message asking about current or future weather conditions or forecasts | last_maintenance: Request information on the last time maintenance was done | what_are_your_hobbies: Requesting information about your favorite pastimes | pto_balance: Inquire about remaining paid time off hours | mpg: Inquire about a car's fuel consumption in miles per gallon | definition: Asking what a word or concept means or stands for | book_hotel: Make a hotel room reservation request | accept_reservations: Ask if a restaurant accepts reservations or books tables in advance | interest_rate: Questions or requests about the interest rate on loans or accounts | other: None of the listed intents | tell_joke: User wants the assistant to say something funny or tell a joke | exchange_rate: Ask for the current exchange rate between two currencies,label_correct,
banking77-v3_banking77_test_full-000857,label,About this card PIN?,plain,get_physical_card,Requesting to receive a new physical bank card by mail or pickup,transfer_timing: Questions about how long a bank transfer takes to complete | visa_or_mastercard: Questions or issues related to Visa or Mastercard card services or usage | verify_top_up: Ask to confirm or verify a recent top-up transaction on the account | other: None of the listed options | get_physical_card: Requesting to receive a new physical bank card by mail or pickup | wrong_exchange_rate_for_cash_withdrawal: Customer reports incorrect exchange rate applied to cash withdrawal transaction | lost_or_stolen_phone: Report a lost or stolen phone linked to your bank account | order_physical_card: Request to order a new physical bank card for account use | pending_transfer: Messages about a bank transfer that is still processing or not completed | lost_or_stolen_card: Report a lost or stolen card and request assistance or replacement,convention,"Literal best option: other; this is a vague PIN question, but Banking77 convention assigns PIN questions to get_physical_card."
banking77-v3_banking77_test_full-001455,label,Why isn't my transfer not going through? I keep getting an error message.,json,beneficiary_not_allowed,Messages about being unable to add or use a specific beneficiary for transfers,transaction_charged_twice: Messages about being charged twice for the same transaction | contactless_not_working: Messages about problems using contactless payment with a card or device | card_linking: Questions or issues about linking a card to your bank account or app | receiving_money: Questions or issues about receiving money into your bank account | top_up_limits: Questions about the maximum amount allowed for topping up an account | top_up_failed: Messages about unsuccessful attempts to add money to an account | other: None of the listed options | wrong_exchange_rate_for_cash_withdrawal: Customer reports incorrect exchange rate applied to cash withdrawal transaction | beneficiary_not_allowed: Messages about being unable to add or use a specific beneficiary for transfers | change_pin: Request to change the personal identification number for a card,ambiguous,other also fits because the message reports a generic transfer error and never mentions a beneficiary.
clinc-test_indomain-004718,intent,how much does a nintendo switch cost,plain,other,None of the listed intents,ingredients_list: A list of ingredients needed to prepare a specific dish or recipe | yes: A response showing approval or acceptance | income: Questions or requests about personal or household income information | tire_change: Messages asking for help or information about tire changes | definition: A request asking for the meaning or explanation of a word or concept | what_song: A request to identify or name a song playing or described | other: None of the listed intents | do_you_have_pets: Asking if the assistant or user has any pets | are_you_a_bot: Messages that ask if you are a machine or AI assistant | meeting_schedule: Asks which meetings are already scheduled or when a meeting is | change_accent: Ask to change how the assistant pronounces words | redeem_rewards: Request to exchange or redeem loyalty program rewards or points,label_correct,
banking77-test_banking77-000077,label,I made a withdrawal from my account but it has not posted?,plain,pending_cash_withdrawal,Questions about cash withdrawals that are still being processed or pending,transfer_timing: Questions about how long a bank transfer takes to complete | other: None of the listed options | pending_card_payment: Messages about card payments that have not yet been completed or processed | top_up_by_bank_transfer_charge: Questions about fees charged for topping up account via bank transfer | card_payment_not_recognised: Customer reports a card payment that the bank does not recognize or identify | pending_cash_withdrawal: Questions about cash withdrawals that are still being processed or pending | verify_source_of_funds: Ask for confirmation or proof of where the funds originated | declined_cash_withdrawal: A cash withdrawal was declined or not authorized at an ATM or bank | cash_withdrawal_charge: Questions about fees or charges for withdrawing cash from an account | getting_spare_card: Requesting an additional or replacement physical card for the account,label_correct,
banking77-v3_banking77_test_full-001501,label,I was charged for something I didn't expect,plain,transfer_fee_charged,Questions about fees charged for making a bank transfer,terminate_account: Request to close or permanently delete a bank account | change_pin: Request to change the personal identification number for a card | transfer_into_account: Request to deposit or move money into a bank account | virtual_card_not_working: Issues or problems with using a virtual card for payments or transactions | wrong_exchange_rate_for_cash_withdrawal: Customer reports incorrect exchange rate applied to cash withdrawal transaction | extra_charge_on_statement: Questions about unexpected or unclear extra charges on bank statements | other: None of the listed options | transfer_fee_charged: Questions about fees charged for making a bank transfer | compromised_card: Report or inquire about a card that may have been stolen or compromised | verify_my_identity: Messages asking how to confirm or prove your identity with the bank,label_wrong,Best option: extra_charge_on_statement; the message mentions an unexpected charge but no transfer.
clinc-test_indomain-002268,intent,tell me the current exchange rate between cad and euros,plain,exchange_rate,Request the latest currency exchange rate information,shopping_list: Asks to show or read back what is on the shopping list | travel_alert: Messages about warnings or updates on travel safety and conditions | gas_type: Inquire about vehicle fuel types or gas options | other: None of the listed intents | todo_list: Wants to read or check the existing list of things to do | restaurant_suggestion: A request for recommendations on places to eat or restaurants nearby | exchange_rate: Request the latest currency exchange rate information | car_rental: A request to rent a car or inquire about car rental services | update_playlist: Requests updating the songs included in a music playlist | calculator: Asks to compute math operations or solve arithmetic questions | rewards_balance: Request information on your existing rewards balance,label_correct,
banking77-v3_banking77_test_full-000951,label,Someone is using my account to do online shopping! Please freeze it asap,plain,compromised_card,Report or inquire about a card that may have been stolen or compromised,other: None of the listed options | card_swallowed: Customer reports their card was swallowed by an ATM or machine | cash_withdrawal_charge: Questions about fees or charges for withdrawing cash from an account | card_payment_wrong_exchange_rate: Messages about card payments processed with incorrect currency exchange rates | unable_to_verify_identity: Customer cannot confirm their identity during the verification process | compromised_card: Report or inquire about a card that may have been stolen or compromised | wrong_amount_of_cash_received: Customer received an incorrect amount of cash from a withdrawal or deposit | declined_cash_withdrawal: A cash withdrawal was declined or not authorized at an ATM or bank | disposable_card_limits: Questions or issues about limits on disposable or virtual cards | transfer_into_account: Request to deposit or move money into a bank account,label_correct,
clinc-test_indomain-000799,intent,how much have i spent on my bank card sine i last paid my bill,plain,transactions,Asks to show recent transactions or purchases on an account,"application_status: Questions regarding how far along an application is | lost_luggage: Requests for help with missing baggage on a trip | recipe: Seeking a guide or formula for making a specific recipe | time: Asks what time it is now, here or in a named place | rollover_401k: Inquiries about transferring 401k savings to a new retirement plan | international_visa: Requests for information on international visa application or eligibility | transactions: Asks to show recent transactions or purchases on an account | apr: Ask about the annual percentage rate or APR on a loan or credit card | other: None of the listed intents | plug_type: Inquire which electrical plug type is required | routing: Inquiries about routing numbers used in banking transactions | distance: Inquire how far apart two locations are",label_correct,
clinc-test_indomain-003645,intent,how many years have you been alive,plain,how_old_are_you,Inquiring about the assistant's or system's age,how_old_are_you: Inquiring about the assistant's or system's age | tire_pressure: Questions or requests about checking or adjusting tire pressure | who_do_you_work_for: Request information on who created or supports the assistant | make_call: A request to place a phone call to someone | what_is_your_name: A message asking the assistant for its name | accept_reservations: Inquire whether a restaurant takes reservations for dining | other: None of the listed intents | jump_start: Messages asking to quickly launch or activate something | credit_limit: Inquire about the credit limit on a credit card or account | insurance_change: Requests a different or new insurance plan | book_flight: Make a flight reservation for traveling,label_correct,
banking77-v3_banking77_test_full-000712,label,On my last transaction it seem that my top-up was not successful.,plain,top_up_reverted,Messages about a top up transaction that was reversed or cancelled,verify_source_of_funds: Ask for confirmation or proof of where the funds originated | cash_withdrawal_not_recognised: Customer does not recognize a cash withdrawal transaction on their account | declined_cash_withdrawal: A cash withdrawal was declined or not authorized at an ATM or bank | cancel_transfer: Request to stop or cancel a money transfer in progress | top_up_failed: Messages about unsuccessful attempts to add money to an account | pending_card_payment: Messages about card payments that have not yet been completed or processed | lost_or_stolen_phone: Report a lost or stolen phone linked to your bank account | top_up_reverted: Messages about a top up transaction that was reversed or cancelled | other: None of the listed options | transfer_not_received_by_recipient: Customer reports a transfer was sent but not received by the recipient,label_wrong,"Best option: top_up_failed; the top-up was unsuccessful, not completed and then reversed."
clinc-test_indomain-002950,intent,what number of days do i have for vacation,plain,other,None of the listed intents,pto_request_status: Inquire about the progress of a PTO request | ingredients_list: Items and materials necessary for making a certain recipe | transfer: Asking to transfer money from one account to another | uber: Ask the assistant to arrange an Uber trip | other: None of the listed intents | tell_joke: User wants the assistant to say something funny or tell a joke | rollover_401k: Inquiries about transferring 401k savings to a new retirement plan | goodbye: A statement where the user signals ending the interaction or bidding farewell | timezone: Ask about the current time zone or time zone information for a location | flip_coin: A request to flip a coin and get a random heads or tails result | maybe: A statement indicating doubt or a tentative answer | application_status: Questions regarding how far along an application is | pin_change: Requests to change or update the personal identification number for security,label_correct,
banking77-v3_banking77_test_full-002037,label,How does my identity get verified?,plain,verify_my_identity,Messages asking how to confirm or prove your identity with the bank,verify_my_identity: Messages asking how to confirm or prove your identity with the bank | other: None of the listed options | request_refund: A customer asks to get their money back for a transaction or payment | country_support: Questions about which countries the bank provides support or services in | balance_not_updated_after_cheque_or_cash_deposit: Customer reports balance not updated after depositing cheque or cash | card_about_to_expire: Messages about the card expiring soon and related concerns | age_limit: Questions about the minimum or maximum age required for banking services | why_verify_identity: Questions about why the bank needs to verify your identity | verify_source_of_funds: Ask for confirmation or proof of where the funds originated | virtual_card_not_working: Issues or problems with using a virtual card for payments or transactions,label_correct,
banking77-v3_banking77_test_full-001298,label,What happens if the ATM doesn't give me back my card?,plain,card_swallowed,Customer reports their card was swallowed by an ATM or machine,virtual_card_not_working: Issues or problems with using a virtual card for payments or transactions | lost_or_stolen_phone: Report a lost or stolen phone linked to your bank account | card_swallowed: Customer reports their card was swallowed by an ATM or machine | pending_card_payment: Messages about card payments that have not yet been completed or processed | other: None of the listed options | atm_support: Questions or issues related to using or finding ATMs | apple_pay_or_google_pay: Questions or issues related to using Apple Pay or Google Pay services | Refund_not_showing_up: Messages about refunds that have been issued but not received yet | fiat_currency_support: Questions about supported fiat currencies for banking transactions | declined_transfer: Messages about a bank transfer that was declined or not completed,label_correct,
banking77-test_banking77-000952,label,Why did my cash get charged a fee that should not be there.,plain,cash_withdrawal_charge,Questions about fees or charges for withdrawing cash from an account,pending_transfer: Messages about a bank transfer that is still processing or not completed | transfer_fee_charged: Questions about fees charged for making a bank transfer | transfer_timing: Questions about how long a bank transfer takes to complete | exchange_via_app: Questions about exchanging currency or making exchanges using the banking app | card_arrival: Questions about when and how a new card will arrive | lost_or_stolen_phone: Report a lost or stolen phone linked to your bank account | cash_withdrawal_charge: Questions about fees or charges for withdrawing cash from an account | exchange_charge: Questions about fees charged for currency exchange transactions | contactless_not_working: Messages about problems using contactless payment with a card or device | other: None of the listed options,label_correct,
banking77-v3_banking77_test_full-000570,label,Why was I charged an extra fee when using a card?,json,card_payment_fee_charged,Questions about fees charged for card payments or transactions,age_limit: Questions about the minimum or maximum age required for banking services | Refund_not_showing_up: Messages about refunds that have been issued but not received yet | country_support: Questions about which countries the bank provides support or services in | declined_cash_withdrawal: A cash withdrawal was declined or not authorized at an ATM or bank | card_payment_fee_charged: Questions about fees charged for card payments or transactions | declined_transfer: Messages about a bank transfer that was declined or not completed | top_up_limits: Questions about the maximum amount allowed for topping up an account | getting_spare_card: Requesting an additional or replacement physical card for the account | beneficiary_not_allowed: Messages about being unable to add or use a specific beneficiary for transfers | other: None of the listed options,label_correct,
clinc-test_indomain-002430,intent,can i do a reservation at sammy's crab shack,json,accept_reservations,Inquire whether a restaurant takes reservations for dining,pto_balance: Request information on how much paid leave is left | other: None of the listed intents | reminder: Asks to read back or check the reminders that are already set | accept_reservations: Inquire whether a restaurant takes reservations for dining | flip_coin: Ask to toss a coin and receive either heads or tails,label_correct,
banking77-v3_banking77_test_full-001815,label,How long until my transfer will be available to me,plain,balance_not_updated_after_bank_transfer,Customer reports balance not updated after completing a bank transfer,Refund_not_showing_up: Messages about refunds that have been issued but not received yet | automatic_top_up: Questions or issues related to automatic account top-up services | disposable_card_limits: Questions or issues about limits on disposable or virtual cards | transfer_into_account: Request to deposit or move money into a bank account | visa_or_mastercard: Questions or issues related to Visa or Mastercard card services or usage | declined_transfer: Messages about a bank transfer that was declined or not completed | balance_not_updated_after_bank_transfer: Customer reports balance not updated after completing a bank transfer | card_swallowed: Customer reports their card was swallowed by an ATM or machine | card_acceptance: Questions about where and how to use a bank card for payments | other: None of the listed options,label_correct,
banking77-v3_banking77_test_full-000114,label,When will the $1 transaction be credited to me?,json,extra_charge_on_statement,Questions about unexpected or unclear extra charges on bank statements,declined_cash_withdrawal: A cash withdrawal was declined or not authorized at an ATM or bank | passcode_forgotten: Customer forgot their passcode and needs help recovering or resetting it | other: None of the listed options | extra_charge_on_statement: Questions about unexpected or unclear extra charges on bank statements | cancel_transfer: Request to stop or cancel a money transfer in progress | transaction_charged_twice: Messages about being charged twice for the same transaction | reverted_card_payment?: Questions about a card payment that was reversed or refunded | declined_card_payment: Messages about card payments that have been declined or not approved | pin_blocked: Messages about a blocked card PIN preventing access or transactions | getting_spare_card: Requesting an additional or replacement physical card for the account,label_correct,
banking77-test_banking77-000723,label,I want to transfer money to a beneficiery. Why can't I?,plain,beneficiary_not_allowed,Messages about being unable to add or use a specific beneficiary for transfers,other: None of the listed options | exchange_rate: Questions or information about currency exchange rates and conversions | card_not_working: A message about a bank card that is not functioning properly | top_up_by_card_charge: Questions or issues about fees charged for topping up by card | card_linking: Questions or issues about linking a card to your bank account or app | top_up_reverted: Messages about a top up transaction that was reversed or cancelled | beneficiary_not_allowed: Messages about being unable to add or use a specific beneficiary for transfers | top_up_by_cash_or_cheque: Questions or issues about adding money using cash or cheque deposits | topping_up_by_card: Messages about adding money to an account using a credit or debit card | order_physical_card: Request to order a new physical bank card for account use,label_correct,
clinc-test_indomain-002018,intent,how many calories are in a burger,plain,calories,Requests or questions about the calorie content of food or meals,calories: Requests or questions about the calorie content of food or meals | todo_list: Asks what is on the to-do list or whether a task is on it | reset_settings: Resetting all settings back to original factory defaults | repeat: Asking to hear the last message one more time | other: None of the listed intents,label_correct,
banking77-test_banking77-000092,label,I need my card now!,plain,card_delivery_estimate,Ask about the expected time for receiving a new or replacement card,card_not_working: A message about a bank card that is not functioning properly | why_verify_identity: Questions about why the bank needs to verify your identity | other: None of the listed options | card_delivery_estimate: Ask about the expected time for receiving a new or replacement card | change_pin: Request to change the personal identification number for a card | order_physical_card: Request to order a new physical bank card for account use | activate_my_card: Request to activate a newly received or existing bank card | transfer_timing: Questions about how long a bank transfer takes to complete | supported_cards_and_currencies: Questions about which cards and currencies the bank supports | visa_or_mastercard: Questions or issues related to Visa or Mastercard card services or usage,label_correct,
clinc-test_indomain-002831,intent,help to turn on whisper mode,json,whisper_mode,Asking the assistant to respond in a soft or whispering tone,update_playlist: Asks to change or update the current music playlist | how_old_are_you: Requesting how old the assistant or system is | report_fraud: Notify about fraudulent transactions or account misuse | interest_rate: Inquiries regarding loan or account interest rates | pin_change: Messages asking to modify the PIN for account access | nutrition_info: Inquires about nutritional facts and health information of meals | who_do_you_work_for: Inquire about the employer or owner of the assistant | whisper_mode: Asking the assistant to respond in a soft or whispering tone | exchange_rate: Request the latest currency exchange rate information | play_music: Request to start playing music or a song | travel_alert: Information about travel warnings and safety updates | schedule_maintenance: Request to arrange or book a maintenance appointment for a device or vehicle | tire_pressure: Inquiries related to tire pressure status or changes | other: None of the listed intents,label_correct,
banking77-v3_banking77_test_full-002017,label,How do I get the Top Up feature on my apple watch working?,json,apple_pay_or_google_pay,Questions or issues related to using Apple Pay or Google Pay services,terminate_account: Request to close or permanently delete a bank account | wrong_amount_of_cash_received: Customer received an incorrect amount of cash from a withdrawal or deposit | automatic_top_up: Questions or issues related to automatic account top-up services | balance_not_updated_after_cheque_or_cash_deposit: Customer reports balance not updated after depositing cheque or cash | exchange_charge: Questions about fees charged for currency exchange transactions | other: None of the listed options | fiat_currency_support: Questions about supported fiat currencies for banking transactions | verify_my_identity: Messages asking how to confirm or prove your identity with the bank | apple_pay_or_google_pay: Questions or issues related to using Apple Pay or Google Pay services | get_physical_card: Requesting to receive a new physical bank card by mail or pickup,label_correct,
banking77-v3_banking77_test_full-000238,label,Can I be topped up once I hit a certain balance?,plain,automatic_top_up,Questions or issues related to automatic account top-up services,wrong_exchange_rate_for_cash_withdrawal: Customer reports incorrect exchange rate applied to cash withdrawal transaction | cash_withdrawal_charge: Questions about fees or charges for withdrawing cash from an account | other: None of the listed options | balance_not_updated_after_bank_transfer: Customer reports balance not updated after completing a bank transfer | automatic_top_up: Questions or issues related to automatic account top-up services | edit_personal_details: Requests to change or update personal information on the account | declined_cash_withdrawal: A cash withdrawal was declined or not authorized at an ATM or bank | top_up_limits: Questions about the maximum amount allowed for topping up an account | fiat_currency_support: Questions about supported fiat currencies for banking transactions | apple_pay_or_google_pay: Questions or issues related to using Apple Pay or Google Pay services,label_correct,
banking77-test_banking77-000797,label,Can I get a spare card for someone else to use?,plain,getting_spare_card,Requesting an additional or replacement physical card for the account,direct_debit_payment_not_recognised: Customer does not recognize a direct debit payment on their account | age_limit: Questions about the minimum or maximum age required for banking services | other: None of the listed options | top_up_failed: Messages about unsuccessful attempts to add money to an account | exchange_charge: Questions about fees charged for currency exchange transactions | atm_support: Questions or issues related to using or finding ATMs | balance_not_updated_after_bank_transfer: Customer reports balance not updated after completing a bank transfer | contactless_not_working: Messages about problems using contactless payment with a card or device | getting_spare_card: Requesting an additional or replacement physical card for the account | exchange_via_app: Questions about exchanging currency or making exchanges using the banking app,label_correct,
banking77-test_banking77-000828,label,Where can my card be delivered?,json,order_physical_card,Request to order a new physical bank card for account use,pending_top_up: Messages about a top up transaction that is still pending or not completed yet | card_not_working: A message about a bank card that is not functioning properly | other: None of the listed options | compromised_card: Report or inquire about a card that may have been stolen or compromised | order_physical_card: Request to order a new physical bank card for account use | cash_withdrawal_charge: Questions about fees or charges for withdrawing cash from an account | get_physical_card: Requesting to receive a new physical bank card by mail or pickup | top_up_by_bank_transfer_charge: Questions about fees charged for topping up account via bank transfer | transfer_timing: Questions about how long a bank transfer takes to complete | getting_virtual_card: Requesting information or help to obtain a virtual card from the bank,ambiguous,get_physical_card also fits because this asks about receiving a physical card rather than placing an order.
banking77-test_banking77-000064,label,"Something went wrong, I was charged an extra pound?",json,extra_charge_on_statement,Questions about unexpected or unclear extra charges on bank statements,declined_cash_withdrawal: A cash withdrawal was declined or not authorized at an ATM or bank | verify_top_up: Ask to confirm or verify a recent top-up transaction on the account | passcode_forgotten: Customer forgot their passcode and needs help recovering or resetting it | get_disposable_virtual_card: Requesting a temporary virtual card for secure online transactions | other: None of the listed options | country_support: Questions about which countries the bank provides support or services in | extra_charge_on_statement: Questions about unexpected or unclear extra charges on bank statements | change_pin: Request to change the personal identification number for a card | cancel_transfer: Request to stop or cancel a money transfer in progress | top_up_failed: Messages about unsuccessful attempts to add money to an account,label_correct,
banking77-v3_banking77_test_full-001066,label,"Hi, My card withdrawal was declined this morning. It was working fine till yesterday. Please check and inform me.",plain,declined_cash_withdrawal,A cash withdrawal was declined or not authorized at an ATM or bank,declined_card_payment: Messages about card payments that have been declined or not approved | age_limit: Questions about the minimum or maximum age required for banking services | get_disposable_virtual_card: Requesting a temporary virtual card for secure online transactions | transfer_fee_charged: Questions about fees charged for making a bank transfer | other: None of the listed options | top_up_by_card_charge: Questions or issues about fees charged for topping up by card | declined_cash_withdrawal: A cash withdrawal was declined or not authorized at an ATM or bank | verify_top_up: Ask to confirm or verify a recent top-up transaction on the account | disposable_card_limits: Questions or issues about limits on disposable or virtual cards | visa_or_mastercard: Questions or issues related to Visa or Mastercard card services or usage,label_correct,
banking77-test_banking77-000696,label,"I am attempting to make a purchase online, but my card is not working.  I know there are funds available, is this an issue on the banks end?",plain,reverted_card_payment?,Questions about a card payment that was reversed or refunded,card_swallowed: Customer reports their card was swallowed by an ATM or machine | reverted_card_payment?: Questions about a card payment that was reversed or refunded | supported_cards_and_currencies: Questions about which cards and currencies the bank supports | other: None of the listed options | activate_my_card: Request to activate a newly received or existing bank card | get_disposable_virtual_card: Requesting a temporary virtual card for secure online transactions | receiving_money: Questions or issues about receiving money into your bank account | terminate_account: Request to close or permanently delete a bank account | card_payment_not_recognised: Customer reports a card payment that the bank does not recognize or identify | transfer_timing: Questions about how long a bank transfer takes to complete,label_wrong,"Best option: other; the card is failing for an online purchase, not reversing an approved payment."
banking77-v3_banking77_test_full-001021,label,I am concerned about the security in my account and would like to make a dispute.,plain,direct_debit_payment_not_recognised,Customer does not recognize a direct debit payment on their account,card_delivery_estimate: Ask about the expected time for receiving a new or replacement card | other: None of the listed options | fiat_currency_support: Questions about supported fiat currencies for banking transactions | direct_debit_payment_not_recognised: Customer does not recognize a direct debit payment on their account | why_verify_identity: Questions about why the bank needs to verify your identity | balance_not_updated_after_cheque_or_cash_deposit: Customer reports balance not updated after depositing cheque or cash | card_about_to_expire: Messages about the card expiring soon and related concerns | card_linking: Questions or issues about linking a card to your bank account or app | transfer_fee_charged: Questions about fees charged for making a bank transfer | pending_card_payment: Messages about card payments that have not yet been completed or processed,label_wrong,Best option: other; the message mentions a generic security dispute but no unrecognized direct debit.
banking77-v3_banking77_test_full-001672,label,How much does it cost in fees to use your card?,plain,order_physical_card,Request to order a new physical bank card for account use,topping_up_by_card: Messages about adding money to an account using a credit or debit card | automatic_top_up: Questions or issues related to automatic account top-up services | other: None of the listed options | declined_cash_withdrawal: A cash withdrawal was declined or not authorized at an ATM or bank | card_acceptance: Questions about where and how to use a bank card for payments | verify_top_up: Ask to confirm or verify a recent top-up transaction on the account | card_linking: Questions or issues about linking a card to your bank account or app | atm_support: Questions or issues related to using or finding ATMs | order_physical_card: Request to order a new physical bank card for account use | get_physical_card: Requesting to receive a new physical bank card by mail or pickup,label_wrong,"Best option: other; this asks about card-use fees, not ordering a physical card."
banking77-v3_banking77_test_full-000435,label,can i do a transfer with swift,plain,top_up_by_bank_transfer_charge,Questions about fees charged for topping up account via bank transfer,direct_debit_payment_not_recognised: Customer does not recognize a direct debit payment on their account | exchange_charge: Questions about fees charged for currency exchange transactions | apple_pay_or_google_pay: Questions or issues related to using Apple Pay or Google Pay services | passcode_forgotten: Customer forgot their passcode and needs help recovering or resetting it | contactless_not_working: Messages about problems using contactless payment with a card or device | pending_top_up: Messages about a top up transaction that is still pending or not completed yet | top_up_by_bank_transfer_charge: Questions about fees charged for topping up account via bank transfer | other: None of the listed options | top_up_by_card_charge: Questions or issues about fees charged for topping up by card | order_physical_card: Request to order a new physical bank card for account use,convention,Literal best option: other; the message asks about making a SWIFT transfer and does not mention a top-up fee.
banking77-test_banking77-000263,label,I made a money transaction but the recipient can't see it,json,transfer_not_received_by_recipient,Customer reports a transfer was sent but not received by the recipient,card_not_working: A message about a bank card that is not functioning properly | other: None of the listed options | top_up_by_bank_transfer_charge: Questions about fees charged for topping up account via bank transfer | card_delivery_estimate: Ask about the expected time for receiving a new or replacement card | transfer_not_received_by_recipient: Customer reports a transfer was sent but not received by the recipient | top_up_by_cash_or_cheque: Questions or issues about adding money using cash or cheque deposits | balance_not_updated_after_cheque_or_cash_deposit: Customer reports balance not updated after depositing cheque or cash | direct_debit_payment_not_recognised: Customer does not recognize a direct debit payment on their account | cash_withdrawal_not_recognised: Customer does not recognize a cash withdrawal transaction on their account | pending_card_payment: Messages about card payments that have not yet been completed or processed,label_correct,
banking77-v3_banking77_test_full-001698,label,Can I make multiple online transactions with my virtual card?,json,virtual_card_not_working,Issues or problems with using a virtual card for payments or transactions,supported_cards_and_currencies: Questions about which cards and currencies the bank supports | balance_not_updated_after_bank_transfer: Customer reports balance not updated after completing a bank transfer | exchange_via_app: Questions about exchanging currency or making exchanges using the banking app | card_payment_fee_charged: Questions about fees charged for card payments or transactions | disposable_card_limits: Questions or issues about limits on disposable or virtual cards | edit_personal_details: Requests to change or update personal information on the account | card_about_to_expire: Messages about the card expiring soon and related concerns | virtual_card_not_working: Issues or problems with using a virtual card for payments or transactions | other: None of the listed options | country_support: Questions about which countries the bank provides support or services in,label_wrong,"Best option: disposable_card_limits; the question is about how many virtual-card transactions are allowed, not a malfunction."
banking77-v3_banking77_test_full-000850,label,where in the app can i find out about my new pin,plain,get_physical_card,Requesting to receive a new physical bank card by mail or pickup,terminate_account: Request to close or permanently delete a bank account | order_physical_card: Request to order a new physical bank card for account use | declined_transfer: Messages about a bank transfer that was declined or not completed | get_physical_card: Requesting to receive a new physical bank card by mail or pickup | failed_transfer: Messages about a money transfer that did not complete successfully | other: None of the listed options | verify_source_of_funds: Ask for confirmation or proof of where the funds originated | country_support: Questions about which countries the bank provides support or services in | request_refund: A customer asks to get their money back for a transaction or payment | visa_or_mastercard: Questions or issues related to Visa or Mastercard card services or usage,convention,"Literal best option: other; this asks where to find a new PIN, but Banking77 convention assigns PIN questions to get_physical_card."
clinc-test_indomain-000928,intent,what are my finances like lately,plain,spending_history,Questions regarding historical spending or purchase data,fun_fact: A message requesting an interesting or surprising fact for entertainment | flip_coin: Ask to toss a coin and receive either heads or tails | w2: Request information on W-2 tax form processing | redeem_rewards: Ask to use or claim rewards from a loyalty program | other: None of the listed intents | spending_history: Questions regarding historical spending or purchase data | next_song: Command to start playing the subsequent song | thank_you: A message that shows appreciation or says thank you,label_correct,
banking77-test_banking77-000000,label,How do I locate my card?,plain,card_arrival,Questions about when and how a new card will arrive,other: None of the listed options | card_arrival: Questions about when and how a new card will arrive | get_disposable_virtual_card: Requesting a temporary virtual card for secure online transactions | getting_spare_card: Requesting an additional or replacement physical card for the account | wrong_amount_of_cash_received: Customer received an incorrect amount of cash from a withdrawal or deposit | top_up_by_card_charge: Questions or issues about fees charged for topping up by card | why_verify_identity: Questions about why the bank needs to verify your identity | visa_or_mastercard: Questions or issues related to Visa or Mastercard card services or usage | cash_withdrawal_charge: Questions about fees or charges for withdrawing cash from an account | lost_or_stolen_card: Report a lost or stolen card and request assistance or replacement,ambiguous,lost_or_stolen_card also fits because 'locate my card' can mean finding a missing card rather than tracking delivery.
clinc-test_indomain-003402,intent,please take off my calendar on saturday the 6th birthday party for john,plain,calendar_update,Inquiries related to editing or adding calendar events,recipe: Seeking a guide or formula for making a specific recipe | direct_deposit: Requests or questions about setting up or managing direct deposit payments | transfer: A request to move money between accounts or send funds to someone | restaurant_suggestion: A request for recommendations on places to eat or restaurants nearby | calendar_update: Inquiries related to editing or adding calendar events | other: None of the listed intents,label_correct,
banking77-test_banking77-000805,label,Am I allowed to give my daughter one of my cards to use?,plain,getting_spare_card,Requesting an additional or replacement physical card for the account,visa_or_mastercard: Questions or issues related to Visa or Mastercard card services or usage | pin_blocked: Messages about a blocked card PIN preventing access or transactions | other: None of the listed options | pending_cash_withdrawal: Questions about cash withdrawals that are still being processed or pending | declined_cash_withdrawal: A cash withdrawal was declined or not authorized at an ATM or bank | cash_withdrawal_not_recognised: Customer does not recognize a cash withdrawal transaction on their account | edit_personal_details: Requests to change or update personal information on the account | verify_my_identity: Messages asking how to confirm or prove your identity with the bank | transfer_not_received_by_recipient: Customer reports a transfer was sent but not received by the recipient | getting_spare_card: Requesting an additional or replacement physical card for the account,label_correct,
banking77-v3_banking77_test_full-000903,label,Where's the money that got charged to my card? It's not showing up in my account balance,plain,topping_up_by_card,Messages about adding money to an account using a credit or debit card,card_payment_not_recognised: Customer reports a card payment that the bank does not recognize or identify | card_payment_fee_charged: Questions about fees charged for card payments or transactions | top_up_reverted: Messages about a top up transaction that was reversed or cancelled | get_physical_card: Requesting to receive a new physical bank card by mail or pickup | get_disposable_virtual_card: Requesting a temporary virtual card for secure online transactions | topping_up_by_card: Messages about adding money to an account using a credit or debit card | cash_withdrawal_charge: Questions about fees or charges for withdrawing cash from an account | unable_to_verify_identity: Customer cannot confirm their identity during the verification process | other: None of the listed options | atm_support: Questions or issues related to using or finding ATMs,ambiguous,top_up_reverted also fits because the card was charged but the money is missing from the balance.
banking77-test_banking77-000619,label,How long does it take for a money transfer to show?,plain,pending_transfer,Messages about a bank transfer that is still processing or not completed,terminate_account: Request to close or permanently delete a bank account | lost_or_stolen_card: Report a lost or stolen card and request assistance or replacement | card_swallowed: Customer reports their card was swallowed by an ATM or machine | wrong_amount_of_cash_received: Customer received an incorrect amount of cash from a withdrawal or deposit | order_physical_card: Request to order a new physical bank card for account use | other: None of the listed options | card_payment_fee_charged: Questions about fees charged for card payments or transactions | pending_transfer: Messages about a bank transfer that is still processing or not completed | request_refund: A customer asks to get their money back for a transaction or payment | unable_to_verify_identity: Customer cannot confirm their identity during the verification process,label_correct,
clinc-test_indomain-005494,intent,show me the top 10 quotes by mark twain,json,other,None of the listed intents,order_checks: Inquire about ordering checks for financial transactions | maybe: A statement indicating doubt or a tentative answer | where_are_you_from: Requesting information about the assistant's background location | smart_home: Manage or ask about home automation and connected devices | cancel_reservation: A request to cancel an existing reservation or booking | other: None of the listed intents | share_location: Asking to provide or transmit your present location to another person | recipe: Asking for cooking steps or a method to make a meal | whisper_mode: A request for the assistant to lower its voice or whisper | vaccines: Inquiries regarding vaccine details and immunization schedules | pto_request: Requesting approval for taking paid time off or holiday leave | credit_limit: Ask about the maximum amount of credit available on an account,label_correct,
clinc-test_indomain-004378,intent,can you tell me the best time to visit downtown when driving,plain,other,None of the listed intents,change_language: User wants to set the virtual assistant to a different language | pin_change: Requests to change or update the personal identification number for security | tire_pressure: Requests for information on tire pressure or how to adjust it | meaning_of_life: A message asking about the purpose or meaning of life | nutrition_info: Inquires about nutritional facts and health information of meals | credit_limit: Inquire about the credit limit on a credit card or account | update_playlist: Asks to change or update the current music playlist | other: None of the listed intents,label_correct,
banking77-test_banking77-000955,label,"I've notice I was charged for withdrawing cash, can you explain why?",plain,cash_withdrawal_charge,Questions about fees or charges for withdrawing cash from an account,cash_withdrawal_charge: Questions about fees or charges for withdrawing cash from an account | transfer_fee_charged: Questions about fees charged for making a bank transfer | automatic_top_up: Questions or issues related to automatic account top-up services | get_disposable_virtual_card: Requesting a temporary virtual card for secure online transactions | card_acceptance: Questions about where and how to use a bank card for payments | balance_not_updated_after_cheque_or_cash_deposit: Customer reports balance not updated after depositing cheque or cash | other: None of the listed options | transaction_charged_twice: Messages about being charged twice for the same transaction | pending_transfer: Messages about a bank transfer that is still processing or not completed | top_up_failed: Messages about unsuccessful attempts to add money to an account,label_correct,
clinc-test_indomain-005350,intent,update my status on instagram,plain,other,None of the listed intents,other: None of the listed intents | cancel: A command to cancel or withdraw a prior commitment or arrangement | what_song: A request to identify or name a song playing or described | definition: Asking what a word or concept means or stands for | change_accent: Inquiries about altering the assistant's spoken accent | next_holiday: Asking when the next public or national holiday will occur,label_correct,
banking77-v3_banking77_test_full-001837,label,I need to cancel my card that got stolen a little while ago. Someone has already taken some money out and I don't want them to take anymore. Can you please do that?,plain,cash_withdrawal_not_recognised,Customer does not recognize a cash withdrawal transaction on their account,terminate_account: Request to close or permanently delete a bank account | age_limit: Questions about the minimum or maximum age required for banking services | virtual_card_not_working: Issues or problems with using a virtual card for payments or transactions | reverted_card_payment?: Questions about a card payment that was reversed or refunded | Refund_not_showing_up: Messages about refunds that have been issued but not received yet | other: None of the listed options | lost_or_stolen_card: Report a lost or stolen card and request assistance or replacement | cash_withdrawal_not_recognised: Customer does not recognize a cash withdrawal transaction on their account | fiat_currency_support: Questions about supported fiat currencies for banking transactions | passcode_forgotten: Customer forgot their passcode and needs help recovering or resetting it,ambiguous,"lost_or_stolen_card fits equally because the main request is to cancel a stolen card, although an unauthorized withdrawal is also reported."
banking77-test_banking77-000565,label,How do I contact customer support about a transfer?,plain,declined_transfer,Messages about a bank transfer that was declined or not completed,top_up_by_cash_or_cheque: Questions or issues about adding money using cash or cheque deposits | other: None of the listed options | request_refund: A customer asks to get their money back for a transaction or payment | declined_transfer: Messages about a bank transfer that was declined or not completed | card_about_to_expire: Messages about the card expiring soon and related concerns | failed_transfer: Messages about a money transfer that did not complete successfully | get_disposable_virtual_card: Requesting a temporary virtual card for secure online transactions | card_delivery_estimate: Ask about the expected time for receiving a new or replacement card | passcode_forgotten: Customer forgot their passcode and needs help recovering or resetting it | country_support: Questions about which countries the bank provides support or services in,label_wrong,Best option: other; asking how to contact support about a transfer does not say the transfer was declined or failed.
clinc-test_indomain-001185,intent,what sorts of activities should i get up to while i am in dublin,plain,other,None of the listed intents,text: A request related to composing or reading text messages | todo_list: Asks what is on the to-do list or whether a task is on it | how_old_are_you: Inquiring about the assistant's or system's age | other: None of the listed intents | roll_dice: Ask to throw dice and show the outcome,label_correct,
banking77-v3_banking77_test_full-001415,label,Someone stopped my payment,plain,reverted_card_payment?,Questions about a card payment that was reversed or refunded,card_swallowed: Customer reports their card was swallowed by an ATM or machine | card_arrival: Questions about when and how a new card will arrive | card_acceptance: Questions about where and how to use a bank card for payments | other: None of the listed options | direct_debit_payment_not_recognised: Customer does not recognize a direct debit payment on their account | reverted_card_payment?: Questions about a card payment that was reversed or refunded | why_verify_identity: Questions about why the bank needs to verify your identity | get_disposable_virtual_card: Requesting a temporary virtual card for secure online transactions | top_up_failed: Messages about unsuccessful attempts to add money to an account | transaction_charged_twice: Messages about being charged twice for the same transaction,label_correct,
banking77-test_banking77-000528,label,"I was double charged, and the second charge is showing as ""pending"". How long will it be before I get my money back once the second charge has been refunded?",json,pending_card_payment,Messages about card payments that have not yet been completed or processed,pending_top_up: Messages about a top up transaction that is still pending or not completed yet | supported_cards_and_currencies: Questions about which cards and currencies the bank supports | receiving_money: Questions or issues about receiving money into your bank account | other: None of the listed options | top_up_failed: Messages about unsuccessful attempts to add money to an account | beneficiary_not_allowed: Messages about being unable to add or use a specific beneficiary for transfers | pending_card_payment: Messages about card payments that have not yet been completed or processed | wrong_exchange_rate_for_cash_withdrawal: Customer reports incorrect exchange rate applied to cash withdrawal transaction | card_arrival: Questions about when and how a new card will arrive | atm_support: Questions or issues related to using or finding ATMs,label_correct,
banking77-test_banking77-000182,label,what is required documents for new card process ?,plain,contactless_not_working,Messages about problems using contactless payment with a card or device,balance_not_updated_after_bank_transfer: Customer reports balance not updated after completing a bank transfer | visa_or_mastercard: Questions or issues related to Visa or Mastercard card services or usage | other: None of the listed options | contactless_not_working: Messages about problems using contactless payment with a card or device | top_up_by_bank_transfer_charge: Questions about fees charged for topping up account via bank transfer | card_not_working: A message about a bank card that is not functioning properly | verify_source_of_funds: Ask for confirmation or proof of where the funds originated | apple_pay_or_google_pay: Questions or issues related to using Apple Pay or Google Pay services | top_up_limits: Questions about the maximum amount allowed for topping up an account | reverted_card_payment?: Questions about a card payment that was reversed or refunded,label_wrong,Best option: other; the message asks about documents needed for a new card and says nothing about contactless payment.
banking77-v3_banking77_test_full-000856,label,And what about the Card's PIN?,plain,get_physical_card,Requesting to receive a new physical bank card by mail or pickup,declined_cash_withdrawal: A cash withdrawal was declined or not authorized at an ATM or bank | atm_support: Questions or issues related to using or finding ATMs | change_pin: Request to change the personal identification number for a card | get_disposable_virtual_card: Requesting a temporary virtual card for secure online transactions | other: None of the listed options | disposable_card_limits: Questions or issues about limits on disposable or virtual cards | cancel_transfer: Request to stop or cancel a money transfer in progress | get_physical_card: Requesting to receive a new physical bank card by mail or pickup | pending_cash_withdrawal: Questions about cash withdrawals that are still being processed or pending | card_payment_not_recognised: Customer reports a card payment that the bank does not recognize or identify,convention,Literal best option: change_pin; Banking77 convention assigns a generic card-PIN question to get_physical_card.
banking77-v3_banking77_test_full-001912,label,WHAT CAN I DO AFTER THE CARD MISSING,plain,activate_my_card,Request to activate a newly received or existing bank card,card_linking: Questions or issues about linking a card to your bank account or app | card_payment_fee_charged: Questions about fees charged for card payments or transactions | pending_cash_withdrawal: Questions about cash withdrawals that are still being processed or pending | pending_card_payment: Messages about card payments that have not yet been completed or processed | other: None of the listed options | transfer_into_account: Request to deposit or move money into a bank account | card_delivery_estimate: Ask about the expected time for receiving a new or replacement card | direct_debit_payment_not_recognised: Customer does not recognize a direct debit payment on their account | activate_my_card: Request to activate a newly received or existing bank card | passcode_forgotten: Customer forgot their passcode and needs help recovering or resetting it,label_wrong,"Best option: other; a missing card should be reported or replaced, not activated."
banking77-v3_banking77_test_full-001206,label,I keep checking my bank statements but I don't see a refund that I've requested from a seller. Can you ensure that I receive the refund from the seller?,plain,Refund_not_showing_up,Messages about refunds that have been issued but not received yet,apple_pay_or_google_pay: Questions or issues related to using Apple Pay or Google Pay services | pending_top_up: Messages about a top up transaction that is still pending or not completed yet | card_about_to_expire: Messages about the card expiring soon and related concerns | compromised_card: Report or inquire about a card that may have been stolen or compromised | transfer_fee_charged: Questions about fees charged for making a bank transfer | top_up_reverted: Messages about a top up transaction that was reversed or cancelled | other: None of the listed options | passcode_forgotten: Customer forgot their passcode and needs help recovering or resetting it | visa_or_mastercard: Questions or issues related to Visa or Mastercard card services or usage | Refund_not_showing_up: Messages about refunds that have been issued but not received yet,label_correct,
banking77-v3_banking77_test_full-001797,label,"I really need money from my card today, but my card is getting declined. Please help!!",plain,top_up_failed,Messages about unsuccessful attempts to add money to an account,top_up_failed: Messages about unsuccessful attempts to add money to an account | edit_personal_details: Requests to change or update personal information on the account | declined_cash_withdrawal: A cash withdrawal was declined or not authorized at an ATM or bank | top_up_by_cash_or_cheque: Questions or issues about adding money using cash or cheque deposits | order_physical_card: Request to order a new physical bank card for account use | cash_withdrawal_charge: Questions about fees or charges for withdrawing cash from an account | change_pin: Request to change the personal identification number for a card | verify_top_up: Ask to confirm or verify a recent top-up transaction on the account | card_acceptance: Questions about where and how to use a bank card for payments | other: None of the listed options,label_wrong,Best option: declined_cash_withdrawal; the user needs cash from the card and the card is being declined.
clinc-test_indomain-005037,intent,what is the top 10 best modems,plain,other,None of the listed intents,tell_joke: A request for the assistant to share a joke or humorous story | update_playlist: Requests updating the songs included in a music playlist | application_status: Inquiries about the progress or status of an application submission | damaged_card: A request concerning a card that is broken or not working | cancel: A message asking to terminate or undo an existing reservation or task | timezone: Request the time zone details for a specific place or region | jump_start: Commands to begin an activity or procedure immediately | w2: Request information on W-2 tax form processing | other: None of the listed intents | todo_list_update: Instructions to edit or manage tasks in a to-do list,label_correct,
banking77-v3_banking77_test_full-000089,label,Why am I being charged more ?,plain,card_payment_wrong_exchange_rate,Messages about card payments processed with incorrect currency exchange rates,exchange_rate: Questions or information about currency exchange rates and conversions | card_payment_wrong_exchange_rate: Messages about card payments processed with incorrect currency exchange rates | extra_charge_on_statement: Questions about unexpected or unclear extra charges on bank statements | card_about_to_expire: Messages about the card expiring soon and related concerns | apple_pay_or_google_pay: Questions or issues related to using Apple Pay or Google Pay services | other: None of the listed options | declined_cash_withdrawal: A cash withdrawal was declined or not authorized at an ATM or bank | card_arrival: Questions about when and how a new card will arrive | pending_card_payment: Messages about card payments that have not yet been completed or processed | get_physical_card: Requesting to receive a new physical bank card by mail or pickup,ambiguous,extra_charge_on_statement also fits because the message gives no currency or exchange-rate context.
banking77-v3_banking77_test_full-000891,label,What major card payments are accepted?,plain,visa_or_mastercard,Questions or issues related to Visa or Mastercard card services or usage,edit_personal_details: Requests to change or update personal information on the account | other: None of the listed options | exchange_via_app: Questions about exchanging currency or making exchanges using the banking app | getting_virtual_card: Requesting information or help to obtain a virtual card from the bank | card_acceptance: Questions about where and how to use a bank card for payments | visa_or_mastercard: Questions or issues related to Visa or Mastercard card services or usage | card_delivery_estimate: Ask about the expected time for receiving a new or replacement card | verify_source_of_funds: Ask for confirmation or proof of where the funds originated | verify_top_up: Ask to confirm or verify a recent top-up transaction on the account | cash_withdrawal_charge: Questions about fees or charges for withdrawing cash from an account,label_correct,
banking77-test_banking77-000354,label,There is a fraudulent charge on my statement.,plain,card_payment_not_recognised,Customer reports a card payment that the bank does not recognize or identify,topping_up_by_card: Messages about adding money to an account using a credit or debit card | extra_charge_on_statement: Questions about unexpected or unclear extra charges on bank statements | verify_source_of_funds: Ask for confirmation or proof of where the funds originated | top_up_limits: Questions about the maximum amount allowed for topping up an account | getting_virtual_card: Requesting information or help to obtain a virtual card from the bank | supported_cards_and_currencies: Questions about which cards and currencies the bank supports | terminate_account: Request to close or permanently delete a bank account | other: None of the listed options | lost_or_stolen_card: Report a lost or stolen card and request assistance or replacement | card_payment_not_recognised: Customer reports a card payment that the bank does not recognize or identify,label_correct,
banking77-v3_banking77_test_full-001839,label,"Can anyone help me, I lost my wallet and they've started withdrawing from my account.",plain,cash_withdrawal_not_recognised,Customer does not recognize a cash withdrawal transaction on their account,pending_cash_withdrawal: Questions about cash withdrawals that are still being processed or pending | exchange_charge: Questions about fees charged for currency exchange transactions | other: None of the listed options | change_pin: Request to change the personal identification number for a card | top_up_failed: Messages about unsuccessful attempts to add money to an account | cash_withdrawal_not_recognised: Customer does not recognize a cash withdrawal transaction on their account | activate_my_card: Request to activate a newly received or existing bank card | get_physical_card: Requesting to receive a new physical bank card by mail or pickup | contactless_not_working: Messages about problems using contactless payment with a card or device | verify_top_up: Ask to confirm or verify a recent top-up transaction on the account,label_correct,
banking77-v3_banking77_test_full-001238,label,I have a transfer that's pending and wanted to know how long it is going to take to process?,plain,pending_transfer,Messages about a bank transfer that is still processing or not completed,direct_debit_payment_not_recognised: Customer does not recognize a direct debit payment on their account | balance_not_updated_after_cheque_or_cash_deposit: Customer reports balance not updated after depositing cheque or cash | disposable_card_limits: Questions or issues about limits on disposable or virtual cards | pending_transfer: Messages about a bank transfer that is still processing or not completed | other: None of the listed options | wrong_amount_of_cash_received: Customer received an incorrect amount of cash from a withdrawal or deposit | getting_spare_card: Requesting an additional or replacement physical card for the account | Refund_not_showing_up: Messages about refunds that have been issued but not received yet | card_delivery_estimate: Ask about the expected time for receiving a new or replacement card | supported_cards_and_currencies: Questions about which cards and currencies the bank supports,label_correct,
banking77-v3_banking77_test_full-000408,label,I would like to make a transfer. How much does it cost?,plain,top_up_by_bank_transfer_charge,Questions about fees charged for topping up account via bank transfer,fiat_currency_support: Questions about supported fiat currencies for banking transactions | top_up_by_bank_transfer_charge: Questions about fees charged for topping up account via bank transfer | visa_or_mastercard: Questions or issues related to Visa or Mastercard card services or usage | cash_withdrawal_charge: Questions about fees or charges for withdrawing cash from an account | other: None of the listed options | contactless_not_working: Messages about problems using contactless payment with a card or device | pending_cash_withdrawal: Questions about cash withdrawals that are still being processed or pending | top_up_reverted: Messages about a top up transaction that was reversed or cancelled | atm_support: Questions or issues related to using or finding ATMs | automatic_top_up: Questions or issues related to automatic account top-up services,label_wrong,"Best option: other; this asks about the cost of a transfer, not a fee for topping up by bank transfer."
banking77-v3_banking77_test_full-000390,label,How do I check my security settings to allow contactless pay?,plain,contactless_not_working,Messages about problems using contactless payment with a card or device,getting_spare_card: Requesting an additional or replacement physical card for the account | balance_not_updated_after_cheque_or_cash_deposit: Customer reports balance not updated after depositing cheque or cash | top_up_by_card_charge: Questions or issues about fees charged for topping up by card | exchange_charge: Questions about fees charged for currency exchange transactions | other: None of the listed options | cancel_transfer: Request to stop or cancel a money transfer in progress | card_delivery_estimate: Ask about the expected time for receiving a new or replacement card | card_acceptance: Questions about where and how to use a bank card for payments | transfer_not_received_by_recipient: Customer reports a transfer was sent but not received by the recipient | contactless_not_working: Messages about problems using contactless payment with a card or device,label_correct,
banking77-test_banking77-000117,label,How do I know why my card isn't working?,json,card_not_working,A message about a bank card that is not functioning properly,reverted_card_payment?: Questions about a card payment that was reversed or refunded | top_up_failed: Messages about unsuccessful attempts to add money to an account | card_payment_wrong_exchange_rate: Messages about card payments processed with incorrect currency exchange rates | card_not_working: A message about a bank card that is not functioning properly | transaction_charged_twice: Messages about being charged twice for the same transaction | country_support: Questions about which countries the bank provides support or services in | exchange_rate: Questions or information about currency exchange rates and conversions | pin_blocked: Messages about a blocked card PIN preventing access or transactions | other: None of the listed options | extra_charge_on_statement: Questions about unexpected or unclear extra charges on bank statements,label_correct,
banking77-v3_banking77_test_full-001497,label,In the past month I often used this account to manage payments for my new holiday villa. Now all of a sudden your fees have increased exorbitantly! Don't you have a rewards programme for frequent users?,json,transfer_fee_charged,Questions about fees charged for making a bank transfer,other: None of the listed options | balance_not_updated_after_bank_transfer: Customer reports balance not updated after completing a bank transfer | verify_source_of_funds: Ask for confirmation or proof of where the funds originated | beneficiary_not_allowed: Messages about being unable to add or use a specific beneficiary for transfers | extra_charge_on_statement: Questions about unexpected or unclear extra charges on bank statements | pending_transfer: Messages about a bank transfer that is still processing or not completed | supported_cards_and_currencies: Questions about which cards and currencies the bank supports | fiat_currency_support: Questions about supported fiat currencies for banking transactions | top_up_by_cash_or_cheque: Questions or issues about adding money using cash or cheque deposits | transfer_fee_charged: Questions about fees charged for making a bank transfer,ambiguous,extra_charge_on_statement also fits because the message reports increased payment fees without identifying a bank transfer.
banking77-v3_banking77_test_full-001957,label,Am I able to order a new card and have it sent to me in China?,json,card_about_to_expire,Messages about the card expiring soon and related concerns,getting_virtual_card: Requesting information or help to obtain a virtual card from the bank | verify_top_up: Ask to confirm or verify a recent top-up transaction on the account | card_payment_fee_charged: Questions about fees charged for card payments or transactions | request_refund: A customer asks to get their money back for a transaction or payment | automatic_top_up: Questions or issues related to automatic account top-up services | pending_top_up: Messages about a top up transaction that is still pending or not completed yet | passcode_forgotten: Customer forgot their passcode and needs help recovering or resetting it | card_about_to_expire: Messages about the card expiring soon and related concerns | other: None of the listed options | cash_withdrawal_charge: Questions about fees or charges for withdrawing cash from an account,convention,"Literal best option: other; the message asks about sending a new card to China, not about an expiring card."
clinc-test_indomain-000099,intent,i need to know what the point of life is,plain,meaning_of_life,A question regarding the significance or reason for existence,other: None of the listed intents | application_status: Inquiries about the progress or status of an application submission | last_maintenance: Ask when the last maintenance was performed on a vehicle or device | tell_joke: User wants the assistant to say something funny or tell a joke | are_you_a_bot: Messages that ask if you are a machine or AI assistant | share_location: A request to share or send your current geographic location to someone | oil_change_when: Ask when the next oil change is needed for a vehicle | meaning_of_life: A question regarding the significance or reason for existence | travel_notification: Sets a travel notice on a bank account before a trip,label_correct,
clinc-test_indomain-004271,intent,what are the last 4 digits of my credit card number,json,other,None of the listed intents,thank_you: A message expressing gratitude or thanks to the assistant | lost_luggage: Inquiries regarding luggage that has been lost while traveling | reminder: Wants to hear or review the list of existing reminders | text: A request related to composing or reading text messages | application_status: Requests for updates on the current state of an application | other: None of the listed intents | maybe: A message showing hesitation or unsure response,label_correct,
clinc-test_indomain-002878,intent,abort mission,plain,cancel,A message asking to terminate or undo an existing reservation or task,"reminder_update: Requests that a reminder be created, edited or removed | rollover_401k: Requests for assistance with rolling over 401k funds to a different account | interest_rate: Requests for information about interest rates on financial products | restaurant_reservation: Asking to reserve a spot at a restaurant for dining | thank_you: A message that shows appreciation or says thank you | pto_used: Inquiries regarding paid time off that has been used | improve_credit_score: Requests for advice or actions to raise a credit score | share_location: A request to share or send your current geographic location to someone | pin_change: User inquiries about resetting or changing their security PIN | repeat: A request to say something again or repeat the previous message | confirm_reservation: A message to verify the details of a reservation | cancel: A message asking to terminate or undo an existing reservation or task | other: None of the listed intents | insurance_change: Asks to change an insurance plan or get new insurance coverage",label_correct,
banking77-test_banking77-000645,label,The stupid machine just swallowed my card!! I need a new one ASAP,plain,card_swallowed,Customer reports their card was swallowed by an ATM or machine,transfer_not_received_by_recipient: Customer reports a transfer was sent but not received by the recipient | top_up_limits: Questions about the maximum amount allowed for topping up an account | getting_spare_card: Requesting an additional or replacement physical card for the account | card_swallowed: Customer reports their card was swallowed by an ATM or machine | getting_virtual_card: Requesting information or help to obtain a virtual card from the bank | reverted_card_payment?: Questions about a card payment that was reversed or refunded | card_not_working: A message about a bank card that is not functioning properly | apple_pay_or_google_pay: Questions or issues related to using Apple Pay or Google Pay services | activate_my_card: Request to activate a newly received or existing bank card | other: None of the listed options,label_correct,
banking77-v3_banking77_test_full-000831,label,What do i need to verify my id?,plain,unable_to_verify_identity,Customer cannot confirm their identity during the verification process,request_refund: A customer asks to get their money back for a transaction or payment | unable_to_verify_identity: Customer cannot confirm their identity during the verification process | topping_up_by_card: Messages about adding money to an account using a credit or debit card | supported_cards_and_currencies: Questions about which cards and currencies the bank supports | compromised_card: Report or inquire about a card that may have been stolen or compromised | top_up_limits: Questions about the maximum amount allowed for topping up an account | change_pin: Request to change the personal identification number for a card | other: None of the listed options | direct_debit_payment_not_recognised: Customer does not recognize a direct debit payment on their account | card_not_working: A message about a bank card that is not functioning properly,label_wrong,"Best option: other; this asks what is needed to verify identity, not about being unable to verify it."
banking77-v3_banking77_test_full-000179,label,I want to make a currency exchange to EU.,plain,fiat_currency_support,Questions about supported fiat currencies for banking transactions,other: None of the listed options | automatic_top_up: Questions or issues related to automatic account top-up services | failed_transfer: Messages about a money transfer that did not complete successfully | exchange_rate: Questions or information about currency exchange rates and conversions | transfer_not_received_by_recipient: Customer reports a transfer was sent but not received by the recipient | passcode_forgotten: Customer forgot their passcode and needs help recovering or resetting it | fiat_currency_support: Questions about supported fiat currencies for banking transactions | pending_card_payment: Messages about card payments that have not yet been completed or processed | request_refund: A customer asks to get their money back for a transaction or payment | getting_virtual_card: Requesting information or help to obtain a virtual card from the bank,label_correct,
clinc-test_indomain-003533,intent,can you add this song to my country music playlist,plain,update_playlist,Asks to change or update the current music playlist,other: None of the listed intents | damaged_card: An issue reported about a damaged payment card | exchange_rate: Ask for the current exchange rate between two currencies | change_language: Requests to switch the assistant's language to another one | goodbye: A message indicating the user wants to end the conversation or say farewell | confirm_reservation: A message confirming or verifying an existing reservation | meaning_of_life: A question regarding the significance or reason for existence | how_busy: Requesting information on how crowded or occupied it is now | roll_dice: Request to simulate rolling dice and provide the numbers | who_made_you: Ask about the creator or developer of the virtual assistant | update_playlist: Asks to change or update the current music playlist | calendar: Looks up what is scheduled on the calendar for a day,label_correct,
banking77-test_banking77-000913,label,whats your exchange rate,plain,exchange_charge,Questions about fees charged for currency exchange transactions,virtual_card_not_working: Issues or problems with using a virtual card for payments or transactions | lost_or_stolen_phone: Report a lost or stolen phone linked to your bank account | cash_withdrawal_not_recognised: Customer does not recognize a cash withdrawal transaction on their account | reverted_card_payment?: Questions about a card payment that was reversed or refunded | other: None of the listed options | card_about_to_expire: Messages about the card expiring soon and related concerns | exchange_via_app: Questions about exchanging currency or making exchanges using the banking app | verify_source_of_funds: Ask for confirmation or proof of where the funds originated | beneficiary_not_allowed: Messages about being unable to add or use a specific beneficiary for transfers | exchange_charge: Questions about fees charged for currency exchange transactions,label_wrong,"Best option: other; the message asks for an exchange rate, not an exchange fee."
clinc-test_indomain-002971,intent,how do i get to the subway by foot,plain,directions,Seeks directions to navigate to a certain destination,direct_deposit: Requests or questions about setting up or managing direct deposit payments | travel_suggestion: Asking for recommendations on where to travel or visit | directions: Seeks directions to navigate to a certain destination | change_language: User wants to set the virtual assistant to a different language | timezone: Request the time zone details for a specific place or region | no: A message indicating refusal or denial of a request or question | ingredient_substitution: Asks for substitute ingredients for cooking or baking | meal_suggestion: Asking for meal ideas or food suggestions | uber: Request to book or manage an Uber ride with the virtual assistant | flight_status: Inquire about the latest information on a flight's status | other: None of the listed intents,label_correct,
clinc-test_indomain-001539,intent,can you look and see how many days off i have taken so far since january,plain,pto_used,Messages about time off already taken from work or vacation days,tire_pressure: Questions or requests about checking or adjusting tire pressure | fun_fact: A message requesting an interesting or surprising fact for entertainment | change_volume: A request to adjust the audio volume level on a device | uber: Ask the assistant to arrange an Uber trip | tell_joke: User wants the assistant to say something funny or tell a joke | whisper_mode: Asking the assistant to respond in a soft or whispering tone | todo_list: Checks whether a task already appears on the to-do list | flight_status: Ask about the current status or updates of a flight | pto_used: Messages about time off already taken from work or vacation days | sync_device: Instruction to pair or sync a device with the platform | other: None of the listed intents | cook_time: Inquiring about the time needed to prepare a certain meal,label_correct,
banking77-v3_banking77_test_full-000628,label,Is my currency okay to add money with?,plain,supported_cards_and_currencies,Questions about which cards and currencies the bank supports,card_swallowed: Customer reports their card was swallowed by an ATM or machine | card_delivery_estimate: Ask about the expected time for receiving a new or replacement card | compromised_card: Report or inquire about a card that may have been stolen or compromised | supported_cards_and_currencies: Questions about which cards and currencies the bank supports | unable_to_verify_identity: Customer cannot confirm their identity during the verification process | other: None of the listed options | age_limit: Questions about the minimum or maximum age required for banking services | direct_debit_payment_not_recognised: Customer does not recognize a direct debit payment on their account | fiat_currency_support: Questions about supported fiat currencies for banking transactions | transfer_timing: Questions about how long a bank transfer takes to complete,label_correct,
banking77-test_banking77-000465,label,I think someone got my card details and used it because there are transactions i don't recognize. What do I do now?,plain,compromised_card,Report or inquire about a card that may have been stolen or compromised,other: None of the listed options | card_swallowed: Customer reports their card was swallowed by an ATM or machine | card_payment_not_recognised: Customer reports a card payment that the bank does not recognize or identify | getting_virtual_card: Requesting information or help to obtain a virtual card from the bank | topping_up_by_card: Messages about adding money to an account using a credit or debit card | card_linking: Questions or issues about linking a card to your bank account or app | top_up_reverted: Messages about a top up transaction that was reversed or cancelled | order_physical_card: Request to order a new physical bank card for account use | lost_or_stolen_card: Report a lost or stolen card and request assistance or replacement | compromised_card: Report or inquire about a card that may have been stolen or compromised,ambiguous,card_payment_not_recognised also fits because the user reports specific transactions they do not recognize.
clinc-test_indomain-001618,intent,must call my bank about my travel plans,plain,travel_notification,Tells the bank about upcoming travel so cards keep working abroad,travel_notification: Tells the bank about upcoming travel so cards keep working abroad | exchange_rate: Ask for the current exchange rate between two currencies | distance: Inquire how far apart two locations are | other: None of the listed intents,label_correct,
banking77-v3_banking77_test_full-001413,label,What happens if a merchant doesn't accept a payment?,plain,reverted_card_payment?,Questions about a card payment that was reversed or refunded,other: None of the listed options | apple_pay_or_google_pay: Questions or issues related to using Apple Pay or Google Pay services | reverted_card_payment?: Questions about a card payment that was reversed or refunded | order_physical_card: Request to order a new physical bank card for account use | cancel_transfer: Request to stop or cancel a money transfer in progress | top_up_by_cash_or_cheque: Questions or issues about adding money using cash or cheque deposits | transfer_into_account: Request to deposit or move money into a bank account | compromised_card: Report or inquire about a card that may have been stolen or compromised | contactless_not_working: Messages about problems using contactless payment with a card or device | exchange_rate: Questions or information about currency exchange rates and conversions,ambiguous,other also fits because merchant non-acceptance does not necessarily mean a payment was reversed or refunded.
clinc-test_indomain-000618,intent,has my reservation for john at bardenay been confirmed,plain,confirm_reservation,A request to confirm a previously made reservation,other: None of the listed intents | confirm_reservation: A request to confirm a previously made reservation | meal_suggestion: A request for ideas or recommendations about what to eat for a meal | last_maintenance: Ask when the last maintenance was performed on a vehicle or device | sync_device: Request to connect or synchronize a device with the system | insurance_change: Asks to change an insurance plan or get new insurance coverage | credit_limit: Inquire about the credit limit on a credit card or account,label_correct,
banking77-v3_banking77_test_full-002055,label,Are your cards available in Europe?,json,country_support,Questions about which countries the bank provides support or services in,exchange_rate: Questions or information about currency exchange rates and conversions | pending_card_payment: Messages about card payments that have not yet been completed or processed | country_support: Questions about which countries the bank provides support or services in | getting_spare_card: Requesting an additional or replacement physical card for the account | top_up_by_bank_transfer_charge: Questions about fees charged for topping up account via bank transfer | balance_not_updated_after_cheque_or_cash_deposit: Customer reports balance not updated after depositing cheque or cash | exchange_via_app: Questions about exchanging currency or making exchanges using the banking app | other: None of the listed options | request_refund: A customer asks to get their money back for a transaction or payment | visa_or_mastercard: Questions or issues related to Visa or Mastercard card services or usage,label_correct,
banking77-test_banking77-000082,label,"What's a pending transaction? My card was declined at an ATM, but my account says it's still pending. Can I cancel the payment?",plain,pending_cash_withdrawal,Questions about cash withdrawals that are still being processed or pending,verify_source_of_funds: Ask for confirmation or proof of where the funds originated | cash_withdrawal_charge: Questions about fees or charges for withdrawing cash from an account | pending_cash_withdrawal: Questions about cash withdrawals that are still being processed or pending | declined_card_payment: Messages about card payments that have been declined or not approved | cash_withdrawal_not_recognised: Customer does not recognize a cash withdrawal transaction on their account | disposable_card_limits: Questions or issues about limits on disposable or virtual cards | exchange_rate: Questions or information about currency exchange rates and conversions | declined_cash_withdrawal: A cash withdrawal was declined or not authorized at an ATM or bank | other: None of the listed options | pending_card_payment: Messages about card payments that have not yet been completed or processed,label_correct,
banking77-v3_banking77_test_full-000893,label,Can you let me know if Visa is among the card scheme assignments?,json,visa_or_mastercard,Questions or issues related to Visa or Mastercard card services or usage,top_up_by_card_charge: Questions or issues about fees charged for topping up by card | other: None of the listed options | request_refund: A customer asks to get their money back for a transaction or payment | cash_withdrawal_charge: Questions about fees or charges for withdrawing cash from an account | order_physical_card: Request to order a new physical bank card for account use | pending_cash_withdrawal: Questions about cash withdrawals that are still being processed or pending | card_payment_wrong_exchange_rate: Messages about card payments processed with incorrect currency exchange rates | card_arrival: Questions about when and how a new card will arrive | unable_to_verify_identity: Customer cannot confirm their identity during the verification process | visa_or_mastercard: Questions or issues related to Visa or Mastercard card services or usage,label_correct,
clinc-test_indomain-001863,intent,please set an alarm,plain,alarm,Requests related to creating or modifying alarms,vaccines: Inquiries regarding vaccine details and immunization schedules | pto_used: Messages about time off already taken from work or vacation days | share_location: Asking to provide or transmit your present location to another person | directions: Requests for guidance on how to get to a specific place | todo_list_update: Instructions to edit or manage tasks in a to-do list | other: None of the listed intents | alarm: Requests related to creating or modifying alarms,label_correct,
banking77-v3_banking77_test_full-000414,label,Is it possible to get a transfer from SWIFT?,plain,top_up_by_bank_transfer_charge,Questions about fees charged for topping up account via bank transfer,get_physical_card: Requesting to receive a new physical bank card by mail or pickup | unable_to_verify_identity: Customer cannot confirm their identity during the verification process | transfer_not_received_by_recipient: Customer reports a transfer was sent but not received by the recipient | top_up_by_cash_or_cheque: Questions or issues about adding money using cash or cheque deposits | Refund_not_showing_up: Messages about refunds that have been issued but not received yet | other: None of the listed options | top_up_by_bank_transfer_charge: Questions about fees charged for topping up account via bank transfer | top_up_reverted: Messages about a top up transaction that was reversed or cancelled | edit_personal_details: Requests to change or update personal information on the account | disposable_card_limits: Questions or issues about limits on disposable or virtual cards,convention,Literal best option: other; this asks whether a SWIFT transfer can be received and does not mention a top-up fee.
banking77-v3_banking77_test_full-000407,label,Should i reinstall the payment app?,json,contactless_not_working,Messages about problems using contactless payment with a card or device,unable_to_verify_identity: Customer cannot confirm their identity during the verification process | get_physical_card: Requesting to receive a new physical bank card by mail or pickup | other: None of the listed options | card_swallowed: Customer reports their card was swallowed by an ATM or machine | apple_pay_or_google_pay: Questions or issues related to using Apple Pay or Google Pay services | pending_card_payment: Messages about card payments that have not yet been completed or processed | card_not_working: A message about a bank card that is not functioning properly | contactless_not_working: Messages about problems using contactless payment with a card or device | card_delivery_estimate: Ask about the expected time for receiving a new or replacement card | get_disposable_virtual_card: Requesting a temporary virtual card for secure online transactions,label_wrong,"Best option: apple_pay_or_google_pay; the message concerns a payment app, not specifically contactless card payment."
banking77-v3_banking77_test_full-000528,label,My cash withdrawal was partly declined,plain,wrong_amount_of_cash_received,Customer received an incorrect amount of cash from a withdrawal or deposit,Refund_not_showing_up: Messages about refunds that have been issued but not received yet | get_physical_card: Requesting to receive a new physical bank card by mail or pickup | card_about_to_expire: Messages about the card expiring soon and related concerns | passcode_forgotten: Customer forgot their passcode and needs help recovering or resetting it | balance_not_updated_after_bank_transfer: Customer reports balance not updated after completing a bank transfer | wrong_amount_of_cash_received: Customer received an incorrect amount of cash from a withdrawal or deposit | declined_card_payment: Messages about card payments that have been declined or not approved | other: None of the listed options | getting_virtual_card: Requesting information or help to obtain a virtual card from the bank | activate_my_card: Request to activate a newly received or existing bank card,label_correct,
banking77-test_banking77-000316,label,I put money into my account for the minimum balance but the application didn't accept.,json,top_up_reverted,Messages about a top up transaction that was reversed or cancelled,top_up_reverted: Messages about a top up transaction that was reversed or cancelled | card_about_to_expire: Messages about the card expiring soon and related concerns | other: None of the listed options | transfer_into_account: Request to deposit or move money into a bank account | top_up_failed: Messages about unsuccessful attempts to add money to an account | failed_transfer: Messages about a money transfer that did not complete successfully | pin_blocked: Messages about a blocked card PIN preventing access or transactions | card_acceptance: Questions about where and how to use a bank card for payments | get_physical_card: Requesting to receive a new physical bank card by mail or pickup | virtual_card_not_working: Issues or problems with using a virtual card for payments or transactions,label_wrong,"Best option: top_up_failed; the application did not accept the top-up, so it was not completed and then reversed."
banking77-v3_banking77_test_full-000229,label,What's the limit on automatic top-up?,plain,automatic_top_up,Questions or issues related to automatic account top-up services,virtual_card_not_working: Issues or problems with using a virtual card for payments or transactions | declined_transfer: Messages about a bank transfer that was declined or not completed | other: None of the listed options | automatic_top_up: Questions or issues related to automatic account top-up services | unable_to_verify_identity: Customer cannot confirm their identity during the verification process | getting_virtual_card: Requesting information or help to obtain a virtual card from the bank | apple_pay_or_google_pay: Questions or issues related to using Apple Pay or Google Pay services | top_up_limits: Questions about the maximum amount allowed for topping up an account | contactless_not_working: Messages about problems using contactless payment with a card or device | transfer_not_received_by_recipient: Customer reports a transfer was sent but not received by the recipient,ambiguous,top_up_limits is at least as specific because the question explicitly asks for a limit.
banking77-v3_banking77_test_full-000899,label,Can friends add to my account,plain,topping_up_by_card,Messages about adding money to an account using a credit or debit card,direct_debit_payment_not_recognised: Customer does not recognize a direct debit payment on their account | other: None of the listed options | wrong_amount_of_cash_received: Customer received an incorrect amount of cash from a withdrawal or deposit | card_payment_not_recognised: Customer reports a card payment that the bank does not recognize or identify | topping_up_by_card: Messages about adding money to an account using a credit or debit card | request_refund: A customer asks to get their money back for a transaction or payment | verify_my_identity: Messages asking how to confirm or prove your identity with the bank | top_up_limits: Questions about the maximum amount allowed for topping up an account | cash_withdrawal_not_recognised: Customer does not recognize a cash withdrawal transaction on their account | beneficiary_not_allowed: Messages about being unable to add or use a specific beneficiary for transfers,label_correct,
banking77-v3_banking77_test_full-001669,label,Where are cards delivered to?,plain,order_physical_card,Request to order a new physical bank card for account use,card_about_to_expire: Messages about the card expiring soon and related concerns | card_acceptance: Questions about where and how to use a bank card for payments | request_refund: A customer asks to get their money back for a transaction or payment | pin_blocked: Messages about a blocked card PIN preventing access or transactions | contactless_not_working: Messages about problems using contactless payment with a card or device | country_support: Questions about which countries the bank provides support or services in | other: None of the listed options | order_physical_card: Request to order a new physical bank card for account use | cancel_transfer: Request to stop or cancel a money transfer in progress | terminate_account: Request to close or permanently delete a bank account,ambiguous,country_support or other also fits because the question asks about delivery locations rather than how to order a card.
banking77-test_banking77-000144,label,"card is lost, please help",plain,lost_or_stolen_card,Report a lost or stolen card and request assistance or replacement,get_physical_card: Requesting to receive a new physical bank card by mail or pickup | other: None of the listed options | top_up_failed: Messages about unsuccessful attempts to add money to an account | lost_or_stolen_card: Report a lost or stolen card and request assistance or replacement | atm_support: Questions or issues related to using or finding ATMs | lost_or_stolen_phone: Report a lost or stolen phone linked to your bank account | card_about_to_expire: Messages about the card expiring soon and related concerns | exchange_charge: Questions about fees charged for currency exchange transactions | apple_pay_or_google_pay: Questions or issues related to using Apple Pay or Google Pay services | pin_blocked: Messages about a blocked card PIN preventing access or transactions,label_correct,
banking77-test_banking77-000566,label,"You keep declining my transfers? It's always been working really well so far, but when I tried to buy something just now the card got declined. I tried couple times already but same thing.",plain,declined_transfer,Messages about a bank transfer that was declined or not completed,supported_cards_and_currencies: Questions about which cards and currencies the bank supports | declined_transfer: Messages about a bank transfer that was declined or not completed | get_disposable_virtual_card: Requesting a temporary virtual card for secure online transactions | top_up_by_cash_or_cheque: Questions or issues about adding money using cash or cheque deposits | card_swallowed: Customer reports their card was swallowed by an ATM or machine | getting_virtual_card: Requesting information or help to obtain a virtual card from the bank | other: None of the listed options | order_physical_card: Request to order a new physical bank card for account use | pin_blocked: Messages about a blocked card PIN preventing access or transactions | lost_or_stolen_phone: Report a lost or stolen phone linked to your bank account,ambiguous,other also fits because the message shifts from declined transfers to a declined card purchase.
banking77-v3_banking77_test_full-000103,label,The wrong rate was applied to an item I bought in a currency different from mine. Can this be changed?,plain,card_payment_wrong_exchange_rate,Messages about card payments processed with incorrect currency exchange rates,getting_virtual_card: Requesting information or help to obtain a virtual card from the bank | supported_cards_and_currencies: Questions about which cards and currencies the bank supports | card_arrival: Questions about when and how a new card will arrive | card_about_to_expire: Messages about the card expiring soon and related concerns | declined_cash_withdrawal: A cash withdrawal was declined or not authorized at an ATM or bank | verify_source_of_funds: Ask for confirmation or proof of where the funds originated | transfer_timing: Questions about how long a bank transfer takes to complete | transfer_into_account: Request to deposit or move money into a bank account | card_payment_wrong_exchange_rate: Messages about card payments processed with incorrect currency exchange rates | other: None of the listed options,label_correct,
banking77-v3_banking77_test_full-001986,label,"My card is expiring shortly.  How much will it cost for a replacement, and how soon can I get it?",plain,card_about_to_expire,Messages about the card expiring soon and related concerns,exchange_charge: Questions about fees charged for currency exchange transactions | transfer_not_received_by_recipient: Customer reports a transfer was sent but not received by the recipient | other: None of the listed options | order_physical_card: Request to order a new physical bank card for account use | pending_top_up: Messages about a top up transaction that is still pending or not completed yet | declined_cash_withdrawal: A cash withdrawal was declined or not authorized at an ATM or bank | card_about_to_expire: Messages about the card expiring soon and related concerns | verify_source_of_funds: Ask for confirmation or proof of where the funds originated | card_arrival: Questions about when and how a new card will arrive | wrong_amount_of_cash_received: Customer received an incorrect amount of cash from a withdrawal or deposit,label_correct,
banking77-test_banking77-000486,label,What are the ATMs that will accept this card?,json,atm_support,Questions or issues related to using or finding ATMs,atm_support: Questions or issues related to using or finding ATMs | card_swallowed: Customer reports their card was swallowed by an ATM or machine | Refund_not_showing_up: Messages about refunds that have been issued but not received yet | getting_spare_card: Requesting an additional or replacement physical card for the account | get_physical_card: Requesting to receive a new physical bank card by mail or pickup | cancel_transfer: Request to stop or cancel a money transfer in progress | verify_top_up: Ask to confirm or verify a recent top-up transaction on the account | cash_withdrawal_not_recognised: Customer does not recognize a cash withdrawal transaction on their account | exchange_rate: Questions or information about currency exchange rates and conversions | other: None of the listed options,label_correct,
banking77-v3_banking77_test_full-000877,label,I would prefer a visa card,json,visa_or_mastercard,Questions or issues related to Visa or Mastercard card services or usage,card_payment_wrong_exchange_rate: Messages about card payments processed with incorrect currency exchange rates | verify_source_of_funds: Ask for confirmation or proof of where the funds originated | visa_or_mastercard: Questions or issues related to Visa or Mastercard card services or usage | passcode_forgotten: Customer forgot their passcode and needs help recovering or resetting it | declined_transfer: Messages about a bank transfer that was declined or not completed | card_arrival: Questions about when and how a new card will arrive | card_about_to_expire: Messages about the card expiring soon and related concerns | other: None of the listed options | card_swallowed: Customer reports their card was swallowed by an ATM or machine | pending_top_up: Messages about a top up transaction that is still pending or not completed yet,label_correct,
banking77-v3_banking77_test_full-000593,label,How long will it take for my transaction to be completed?,json,transfer_not_received_by_recipient,Customer reports a transfer was sent but not received by the recipient,lost_or_stolen_card: Report a lost or stolen card and request assistance or replacement | other: None of the listed options | pending_top_up: Messages about a top up transaction that is still pending or not completed yet | card_not_working: A message about a bank card that is not functioning properly | apple_pay_or_google_pay: Questions or issues related to using Apple Pay or Google Pay services | compromised_card: Report or inquire about a card that may have been stolen or compromised | exchange_via_app: Questions about exchanging currency or making exchanges using the banking app | why_verify_identity: Questions about why the bank needs to verify your identity | wrong_exchange_rate_for_cash_withdrawal: Customer reports incorrect exchange rate applied to cash withdrawal transaction | transfer_not_received_by_recipient: Customer reports a transfer was sent but not received by the recipient,label_wrong,Best option: other; the message only asks about transaction completion time and gives no recipient context.
banking77-test_banking77-000440,label,How can i get multiple disposble cards.,plain,disposable_card_limits,Questions or issues about limits on disposable or virtual cards,visa_or_mastercard: Questions or issues related to Visa or Mastercard card services or usage | disposable_card_limits: Questions or issues about limits on disposable or virtual cards | other: None of the listed options | get_disposable_virtual_card: Requesting a temporary virtual card for secure online transactions | apple_pay_or_google_pay: Questions or issues related to using Apple Pay or Google Pay services | failed_transfer: Messages about a money transfer that did not complete successfully | top_up_failed: Messages about unsuccessful attempts to add money to an account | wrong_amount_of_cash_received: Customer received an incorrect amount of cash from a withdrawal or deposit | terminate_account: Request to close or permanently delete a bank account | cash_withdrawal_not_recognised: Customer does not recognize a cash withdrawal transaction on their account,label_correct,
banking77-v3_banking77_test_full-000451,label,top up did not complete,plain,pending_top_up,Messages about a top up transaction that is still pending or not completed yet,pending_cash_withdrawal: Questions about cash withdrawals that are still being processed or pending | wrong_amount_of_cash_received: Customer received an incorrect amount of cash from a withdrawal or deposit | extra_charge_on_statement: Questions about unexpected or unclear extra charges on bank statements | exchange_via_app: Questions about exchanging currency or making exchanges using the banking app | other: None of the listed options | pending_transfer: Messages about a bank transfer that is still processing or not completed | top_up_failed: Messages about unsuccessful attempts to add money to an account | exchange_rate: Questions or information about currency exchange rates and conversions | reverted_card_payment?: Questions about a card payment that was reversed or refunded | pending_top_up: Messages about a top up transaction that is still pending or not completed yet,ambiguous,top_up_failed also fits because 'did not complete' can mean either failed or still pending.
banking77-test_banking77-000015,label,I would like to reactivate my card.,plain,card_linking,Questions or issues about linking a card to your bank account or app,other: None of the listed options | transfer_not_received_by_recipient: Customer reports a transfer was sent but not received by the recipient | lost_or_stolen_phone: Report a lost or stolen phone linked to your bank account | card_linking: Questions or issues about linking a card to your bank account or app | receiving_money: Questions or issues about receiving money into your bank account | request_refund: A customer asks to get their money back for a transaction or payment | card_acceptance: Questions about where and how to use a bank card for payments | activate_my_card: Request to activate a newly received or existing bank card | cash_withdrawal_not_recognised: Customer does not recognize a cash withdrawal transaction on their account | direct_debit_payment_not_recognised: Customer does not recognize a direct debit payment on their account,convention,Literal best option: activate_my_card; reactivating a card is treated as card_linking by Banking77.
banking77-test_banking77-000772,label,I want to transfer from accounts in order to Top up. What are the steps necessary.,plain,transfer_into_account,Request to deposit or move money into a bank account,top_up_limits: Questions about the maximum amount allowed for topping up an account | pending_cash_withdrawal: Questions about cash withdrawals that are still being processed or pending | reverted_card_payment?: Questions about a card payment that was reversed or refunded | transfer_into_account: Request to deposit or move money into a bank account | card_arrival: Questions about when and how a new card will arrive | order_physical_card: Request to order a new physical bank card for account use | top_up_by_bank_transfer_charge: Questions about fees charged for topping up account via bank transfer | other: None of the listed options | declined_card_payment: Messages about card payments that have been declined or not approved | card_delivery_estimate: Ask about the expected time for receiving a new or replacement card,label_correct,
clinc-test_indomain-002380,intent,how much credit do i have on my discover card,plain,other,None of the listed intents,rewards_balance: Ask for the total amount of rewards points you have | shopping_list: Wants to see the items currently on the shopping list | other: None of the listed intents | card_declined: Inquiries related to a card transaction failing or being denied | oil_change_when: Ask when the next oil change is needed for a vehicle | uber: Inquire about ordering or handling an Uber ride | reminder: Asks to read back or check the reminders that are already set | application_status: Questions regarding how far along an application is | spending_history: Requests for details about past spending or purchase history | oil_change_how: Questions about how to perform an oil change on a vehicle | last_maintenance: Request information on the last time maintenance was done,label_correct,
banking77-test_banking77-000480,label,Can I get cash with this card anywhere?,plain,atm_support,Questions or issues related to using or finding ATMs,atm_support: Questions or issues related to using or finding ATMs | other: None of the listed options | passcode_forgotten: Customer forgot their passcode and needs help recovering or resetting it | age_limit: Questions about the minimum or maximum age required for banking services | card_payment_fee_charged: Questions about fees charged for card payments or transactions | getting_spare_card: Requesting an additional or replacement physical card for the account | lost_or_stolen_phone: Report a lost or stolen phone linked to your bank account | wrong_amount_of_cash_received: Customer received an incorrect amount of cash from a withdrawal or deposit | supported_cards_and_currencies: Questions about which cards and currencies the bank supports | cash_withdrawal_not_recognised: Customer does not recognize a cash withdrawal transaction on their account,label_correct,
banking77-v3_banking77_test_full-000837,label,Why am I not able to verify my id?,plain,unable_to_verify_identity,Customer cannot confirm their identity during the verification process,transaction_charged_twice: Messages about being charged twice for the same transaction | transfer_into_account: Request to deposit or move money into a bank account | top_up_failed: Messages about unsuccessful attempts to add money to an account | getting_virtual_card: Requesting information or help to obtain a virtual card from the bank | other: None of the listed options | atm_support: Questions or issues related to using or finding ATMs | unable_to_verify_identity: Customer cannot confirm their identity during the verification process | top_up_by_bank_transfer_charge: Questions about fees charged for topping up account via bank transfer | verify_my_identity: Messages asking how to confirm or prove your identity with the bank | compromised_card: Report or inquire about a card that may have been stolen or compromised,label_correct,
banking77-test_banking77-000898,label,Think someone has took money out with my card. What shall I do?,plain,cash_withdrawal_not_recognised,Customer does not recognize a cash withdrawal transaction on their account,get_physical_card: Requesting to receive a new physical bank card by mail or pickup | other: None of the listed options | top_up_by_bank_transfer_charge: Questions about fees charged for topping up account via bank transfer | compromised_card: Report or inquire about a card that may have been stolen or compromised | verify_my_identity: Messages asking how to confirm or prove your identity with the bank | cash_withdrawal_not_recognised: Customer does not recognize a cash withdrawal transaction on their account | disposable_card_limits: Questions or issues about limits on disposable or virtual cards | getting_virtual_card: Requesting information or help to obtain a virtual card from the bank | pending_cash_withdrawal: Questions about cash withdrawals that are still being processed or pending | virtual_card_not_working: Issues or problems with using a virtual card for payments or transactions,label_correct,
banking77-test_banking77-000081,label,My account was charged for a withdraw I tried to make that was decline.,plain,pending_cash_withdrawal,Questions about cash withdrawals that are still being processed or pending,top_up_limits: Questions about the maximum amount allowed for topping up an account | card_swallowed: Customer reports their card was swallowed by an ATM or machine | pending_cash_withdrawal: Questions about cash withdrawals that are still being processed or pending | transfer_into_account: Request to deposit or move money into a bank account | reverted_card_payment?: Questions about a card payment that was reversed or refunded | other: None of the listed options | balance_not_updated_after_bank_transfer: Customer reports balance not updated after completing a bank transfer | cash_withdrawal_not_recognised: Customer does not recognize a cash withdrawal transaction on their account | apple_pay_or_google_pay: Questions or issues related to using Apple Pay or Google Pay services | card_not_working: A message about a bank card that is not functioning properly,label_correct,
clinc-test_indomain-005386,intent,"google ""odell beckham free agency""",plain,other,None of the listed intents,whisper_mode: A request for the assistant to lower its voice or whisper | credit_limit: Request information on how much credit is allowed on an account | weather: An inquiry about the weather now or later | schedule_maintenance: Ask to schedule a service or maintenance visit for equipment or car | calculator: Requests for performing mathematical calculations or solving math problems | cancel: A command to cancel or withdraw a prior commitment or arrangement | expiration_date: Ask about the expiration date of a product or item | bill_due: Questions regarding the deadline to pay a bill | cancel_reservation: A request to cancel an existing reservation or booking | bill_balance: Inquire about the outstanding balance on a bill | distance: Inquire how far apart two locations are | other: None of the listed intents,label_correct,
banking77-v3_banking77_test_full-000880,label,Am I able to choose my card?,plain,visa_or_mastercard,Questions or issues related to Visa or Mastercard card services or usage,other: None of the listed options | compromised_card: Report or inquire about a card that may have been stolen or compromised | visa_or_mastercard: Questions or issues related to Visa or Mastercard card services or usage | verify_my_identity: Messages asking how to confirm or prove your identity with the bank | beneficiary_not_allowed: Messages about being unable to add or use a specific beneficiary for transfers | supported_cards_and_currencies: Questions about which cards and currencies the bank supports | card_acceptance: Questions about where and how to use a bank card for payments | activate_my_card: Request to activate a newly received or existing bank card | pending_card_payment: Messages about card payments that have not yet been completed or processed | card_delivery_estimate: Ask about the expected time for receiving a new or replacement card,label_correct,
banking77-v3_banking77_test_full-000961,label,How do I freeze my account?,plain,compromised_card,Report or inquire about a card that may have been stolen or compromised,passcode_forgotten: Customer forgot their passcode and needs help recovering or resetting it | top_up_reverted: Messages about a top up transaction that was reversed or cancelled | exchange_via_app: Questions about exchanging currency or making exchanges using the banking app | supported_cards_and_currencies: Questions about which cards and currencies the bank supports | declined_cash_withdrawal: A cash withdrawal was declined or not authorized at an ATM or bank | other: None of the listed options | age_limit: Questions about the minimum or maximum age required for banking services | activate_my_card: Request to activate a newly received or existing bank card | compromised_card: Report or inquire about a card that may have been stolen or compromised | change_pin: Request to change the personal identification number for a card,ambiguous,other also fits because the message asks to freeze an account without saying that a card is compromised.
banking77-test_banking77-000646,label,I was taking out funds and was unable to regain my card.,json,card_swallowed,Customer reports their card was swallowed by an ATM or machine,lost_or_stolen_card: Report a lost or stolen card and request assistance or replacement | getting_spare_card: Requesting an additional or replacement physical card for the account | get_physical_card: Requesting to receive a new physical bank card by mail or pickup | card_swallowed: Customer reports their card was swallowed by an ATM or machine | compromised_card: Report or inquire about a card that may have been stolen or compromised | card_linking: Questions or issues about linking a card to your bank account or app | other: None of the listed options | cancel_transfer: Request to stop or cancel a money transfer in progress | card_not_working: A message about a bank card that is not functioning properly | supported_cards_and_currencies: Questions about which cards and currencies the bank supports,label_correct,
clinc-test_indomain-003969,intent,which stocks have lost the least today,json,other,None of the listed intents,smart_home: Manage or ask about home automation and connected devices | roll_dice: Request to simulate rolling dice and provide the numbers | gas: Request information on nearby gas stations and fuel costs | fun_fact: A message requesting an interesting or surprising fact for entertainment | spending_history: Requests for details about past spending or purchase history | next_holiday: Asking when the next public or national holiday will occur | travel_alert: Notifications regarding travel risks or safety alerts | update_playlist: Requests to modify or add songs in an existing music playlist | order: A message requesting to buy or place an order for goods or services | other: None of the listed intents | balance: Inquire about how much money is available in an account,label_correct,
clinc-test_indomain-004419,intent,how do i change my windshield wipers,plain,other,None of the listed intents,are_you_a_bot: Messages that ask if you are a machine or AI assistant | pto_request: A request to take paid time off from work or schedule vacation days | change_ai_name: Requests to change the virtual assistant's AI name or nickname | ingredient_substitution: Requests for alternatives to specific cooking ingredients in recipes | card_declined: Inquiries related to a card transaction failing or being denied | other: None of the listed intents | mpg: Request information on vehicle fuel economy measured in mpg | roll_dice: Ask to throw dice and show the outcome,label_correct,
banking77-test_banking77-000755,label,What are your policies for card transfers?,plain,failed_transfer,Messages about a money transfer that did not complete successfully,extra_charge_on_statement: Questions about unexpected or unclear extra charges on bank statements | failed_transfer: Messages about a money transfer that did not complete successfully | card_swallowed: Customer reports their card was swallowed by an ATM or machine | other: None of the listed options | card_payment_fee_charged: Questions about fees charged for card payments or transactions | verify_my_identity: Messages asking how to confirm or prove your identity with the bank | transfer_fee_charged: Questions about fees charged for making a bank transfer | balance_not_updated_after_bank_transfer: Customer reports balance not updated after completing a bank transfer | topping_up_by_card: Messages about adding money to an account using a credit or debit card | unable_to_verify_identity: Customer cannot confirm their identity during the verification process,label_wrong,Best option: other; asking about card-transfer policies does not report a failed transfer.
banking77-v3_banking77_test_full-000417,label,Will you deal with SWIFT transfers?,json,top_up_by_bank_transfer_charge,Questions about fees charged for topping up account via bank transfer,top_up_reverted: Messages about a top up transaction that was reversed or cancelled | card_delivery_estimate: Ask about the expected time for receiving a new or replacement card | lost_or_stolen_phone: Report a lost or stolen phone linked to your bank account | declined_card_payment: Messages about card payments that have been declined or not approved | top_up_failed: Messages about unsuccessful attempts to add money to an account | card_not_working: A message about a bank card that is not functioning properly | top_up_by_bank_transfer_charge: Questions about fees charged for topping up account via bank transfer | transfer_not_received_by_recipient: Customer reports a transfer was sent but not received by the recipient | other: None of the listed options | pending_top_up: Messages about a top up transaction that is still pending or not completed yet,convention,Literal best option: other; the message asks whether SWIFT transfers are supported and does not mention a top-up fee.
banking77-test_banking77-000769,label,How can I fund my top-up account using my bank account?,plain,transfer_into_account,Request to deposit or move money into a bank account,top_up_by_bank_transfer_charge: Questions about fees charged for topping up account via bank transfer | card_arrival: Questions about when and how a new card will arrive | cancel_transfer: Request to stop or cancel a money transfer in progress | order_physical_card: Request to order a new physical bank card for account use | transfer_into_account: Request to deposit or move money into a bank account | why_verify_identity: Questions about why the bank needs to verify your identity | top_up_by_cash_or_cheque: Questions or issues about adding money using cash or cheque deposits | other: None of the listed options | verify_top_up: Ask to confirm or verify a recent top-up transaction on the account | failed_transfer: Messages about a money transfer that did not complete successfully,label_correct,
banking77-v3_banking77_test_full-001560,label,"I don't understand how to top up my account, can you please explain the process?",plain,transfer_into_account,Request to deposit or move money into a bank account,pending_card_payment: Messages about card payments that have not yet been completed or processed | other: None of the listed options | cash_withdrawal_not_recognised: Customer does not recognize a cash withdrawal transaction on their account | declined_card_payment: Messages about card payments that have been declined or not approved | exchange_via_app: Questions about exchanging currency or making exchanges using the banking app | visa_or_mastercard: Questions or issues related to Visa or Mastercard card services or usage | unable_to_verify_identity: Customer cannot confirm their identity during the verification process | transaction_charged_twice: Messages about being charged twice for the same transaction | lost_or_stolen_card: Report a lost or stolen card and request assistance or replacement | transfer_into_account: Request to deposit or move money into a bank account,label_correct,
banking77-v3_banking77_test_full-001471,label,Can you help with a transfer to an account,plain,beneficiary_not_allowed,Messages about being unable to add or use a specific beneficiary for transfers,other: None of the listed options | receiving_money: Questions or issues about receiving money into your bank account | card_about_to_expire: Messages about the card expiring soon and related concerns | direct_debit_payment_not_recognised: Customer does not recognize a direct debit payment on their account | card_arrival: Questions about when and how a new card will arrive | beneficiary_not_allowed: Messages about being unable to add or use a specific beneficiary for transfers | unable_to_verify_identity: Customer cannot confirm their identity during the verification process | card_payment_fee_charged: Questions about fees charged for card payments or transactions | top_up_by_bank_transfer_charge: Questions about fees charged for topping up account via bank transfer | contactless_not_working: Messages about problems using contactless payment with a card or device,label_wrong,Best option: other; the message asks for general help transferring to an account and does not say a beneficiary is blocked.
banking77-v3_banking77_test_full-001655,label,How can I top-up my card?,plain,top_up_by_cash_or_cheque,Questions or issues about adding money using cash or cheque deposits,other: None of the listed options | top_up_failed: Messages about unsuccessful attempts to add money to an account | card_payment_not_recognised: Customer reports a card payment that the bank does not recognize or identify | pending_top_up: Messages about a top up transaction that is still pending or not completed yet | why_verify_identity: Questions about why the bank needs to verify your identity | top_up_by_cash_or_cheque: Questions or issues about adding money using cash or cheque deposits | card_arrival: Questions about when and how a new card will arrive | top_up_limits: Questions about the maximum amount allowed for topping up an account | balance_not_updated_after_cheque_or_cash_deposit: Customer reports balance not updated after depositing cheque or cash | supported_cards_and_currencies: Questions about which cards and currencies the bank supports,label_wrong,Best option: other; the message asks generically how to top up and does not mention cash or cheque.
banking77-test_banking77-000908,label,How do I cancel my card? There are charges on my account that I didn't make.,plain,cash_withdrawal_not_recognised,Customer does not recognize a cash withdrawal transaction on their account,top_up_by_cash_or_cheque: Questions or issues about adding money using cash or cheque deposits | card_not_working: A message about a bank card that is not functioning properly | cash_withdrawal_not_recognised: Customer does not recognize a cash withdrawal transaction on their account | Refund_not_showing_up: Messages about refunds that have been issued but not received yet | top_up_failed: Messages about unsuccessful attempts to add money to an account | atm_support: Questions or issues related to using or finding ATMs | lost_or_stolen_card: Report a lost or stolen card and request assistance or replacement | extra_charge_on_statement: Questions about unexpected or unclear extra charges on bank statements | disposable_card_limits: Questions or issues about limits on disposable or virtual cards | other: None of the listed options,label_wrong,Best option: extra_charge_on_statement; the user reports unauthorized charges but does not say they were cash withdrawals.
banking77-test_banking77-000866,label,Hello! I need to order a disposable virtual card. Where can I do that at?,plain,get_disposable_virtual_card,Requesting a temporary virtual card for secure online transactions,top_up_failed: Messages about unsuccessful attempts to add money to an account | top_up_reverted: Messages about a top up transaction that was reversed or cancelled | get_disposable_virtual_card: Requesting a temporary virtual card for secure online transactions | card_acceptance: Questions about where and how to use a bank card for payments | reverted_card_payment?: Questions about a card payment that was reversed or refunded | declined_transfer: Messages about a bank transfer that was declined or not completed | other: None of the listed options | activate_my_card: Request to activate a newly received or existing bank card | declined_card_payment: Messages about card payments that have been declined or not approved | supported_cards_and_currencies: Questions about which cards and currencies the bank supports,label_correct,
banking77-v3_banking77_test_full-001831,label,i think someone is using my card to withdraw money. Someone stole my wallet. What can I do? it is urgent.,json,cash_withdrawal_not_recognised,Customer does not recognize a cash withdrawal transaction on their account,transfer_into_account: Request to deposit or move money into a bank account | country_support: Questions about which countries the bank provides support or services in | card_acceptance: Questions about where and how to use a bank card for payments | atm_support: Questions or issues related to using or finding ATMs | request_refund: A customer asks to get their money back for a transaction or payment | other: None of the listed options | cash_withdrawal_charge: Questions about fees or charges for withdrawing cash from an account | fiat_currency_support: Questions about supported fiat currencies for banking transactions | cash_withdrawal_not_recognised: Customer does not recognize a cash withdrawal transaction on their account | compromised_card: Report or inquire about a card that may have been stolen or compromised,label_correct,
clinc-test_indomain-000718,intent,please give me the approximate amount of time i will need to go from jfk international airport to penn station,json,other,None of the listed intents,credit_score: Ask about your current credit score or credit rating information | next_holiday: Inquiring about the date of the upcoming holiday | other: None of the listed intents,label_correct,
banking77-v3_banking77_test_full-000592,label,Is there a reason why my transaction is taking so long?,plain,transfer_not_received_by_recipient,Customer reports a transfer was sent but not received by the recipient,top_up_by_card_charge: Questions or issues about fees charged for topping up by card | passcode_forgotten: Customer forgot their passcode and needs help recovering or resetting it | transfer_not_received_by_recipient: Customer reports a transfer was sent but not received by the recipient | country_support: Questions about which countries the bank provides support or services in | card_not_working: A message about a bank card that is not functioning properly | Refund_not_showing_up: Messages about refunds that have been issued but not received yet | other: None of the listed options | card_arrival: Questions about when and how a new card will arrive | topping_up_by_card: Messages about adding money to an account using a credit or debit card | transfer_fee_charged: Questions about fees charged for making a bank transfer,label_wrong,Best option: other; the message describes a slow transaction but does not mention a recipient.
banking77-v3_banking77_test_full-000041,label,How do I view the card I received in the app?,json,card_linking,Questions or issues about linking a card to your bank account or app,other: None of the listed options | exchange_via_app: Questions about exchanging currency or making exchanges using the banking app | Refund_not_showing_up: Messages about refunds that have been issued but not received yet | exchange_charge: Questions about fees charged for currency exchange transactions | verify_top_up: Ask to confirm or verify a recent top-up transaction on the account | card_linking: Questions or issues about linking a card to your bank account or app | get_physical_card: Requesting to receive a new physical bank card by mail or pickup | wrong_exchange_rate_for_cash_withdrawal: Customer reports incorrect exchange rate applied to cash withdrawal transaction | age_limit: Questions about the minimum or maximum age required for banking services | supported_cards_and_currencies: Questions about which cards and currencies the bank supports,label_correct,
banking77-v3_banking77_test_full-001731,label,Can I make a withdraw if I am out of country from with out any fees at an ATM?,plain,wrong_exchange_rate_for_cash_withdrawal,Customer reports incorrect exchange rate applied to cash withdrawal transaction,exchange_charge: Questions about fees charged for currency exchange transactions | reverted_card_payment?: Questions about a card payment that was reversed or refunded | virtual_card_not_working: Issues or problems with using a virtual card for payments or transactions | other: None of the listed options | activate_my_card: Request to activate a newly received or existing bank card | transfer_into_account: Request to deposit or move money into a bank account | receiving_money: Questions or issues about receiving money into your bank account | compromised_card: Report or inquire about a card that may have been stolen or compromised | wrong_exchange_rate_for_cash_withdrawal: Customer reports incorrect exchange rate applied to cash withdrawal transaction | passcode_forgotten: Customer forgot their passcode and needs help recovering or resetting it,label_wrong,"Best option: other; this asks about ATM withdrawal fees abroad, not an incorrect exchange rate."
clinc-test_indomain-004310,intent,how many voicemails are currently in my inbox,json,other,None of the listed intents,other: None of the listed intents | insurance_change: Requests a different or new insurance plan | plug_type: Request information on the kind of plug to use | measurement_conversion: Queries about converting values from one measurement system to another | change_language: Requests to switch the assistant's language to another one | oil_change_how: Inquiries on the steps to change a car's oil | what_is_your_name: Asking what the assistant is called | fun_fact: A request for a fun or unusual fact to amuse or inform | pto_balance: Inquire about remaining paid time off hours | routing: Requests for information about bank routing numbers or routing details | tire_pressure: Inquiries related to tire pressure status or changes,label_correct,
clinc-test_indomain-005572,intent,start listening to me dictate a letter,plain,other,None of the listed intents,other: None of the listed intents | tell_joke: A message asking the assistant to tell a joke or be funny | calculator: Asks to compute math operations or solve arithmetic questions,label_correct,
banking77-test_banking77-000385,label,Help my verify my id.,plain,unable_to_verify_identity,Customer cannot confirm their identity during the verification process,why_verify_identity: Questions about why the bank needs to verify your identity | unable_to_verify_identity: Customer cannot confirm their identity during the verification process | transaction_charged_twice: Messages about being charged twice for the same transaction | card_payment_fee_charged: Questions about fees charged for card payments or transactions | cash_withdrawal_charge: Questions about fees or charges for withdrawing cash from an account | automatic_top_up: Questions or issues related to automatic account top-up services | direct_debit_payment_not_recognised: Customer does not recognize a direct debit payment on their account | other: None of the listed options | getting_virtual_card: Requesting information or help to obtain a virtual card from the bank | wrong_amount_of_cash_received: Customer received an incorrect amount of cash from a withdrawal or deposit,ambiguous,other also fits because the message asks for help verifying identity but does not clearly say verification is failing.
banking77-test_banking77-000351,label,I have an unauthorized transaction on my statement,plain,card_payment_not_recognised,Customer reports a card payment that the bank does not recognize or identify,cash_withdrawal_not_recognised: Customer does not recognize a cash withdrawal transaction on their account | other: None of the listed options | lost_or_stolen_card: Report a lost or stolen card and request assistance or replacement | direct_debit_payment_not_recognised: Customer does not recognize a direct debit payment on their account | topping_up_by_card: Messages about adding money to an account using a credit or debit card | card_payment_not_recognised: Customer reports a card payment that the bank does not recognize or identify | virtual_card_not_working: Issues or problems with using a virtual card for payments or transactions | failed_transfer: Messages about a money transfer that did not complete successfully | unable_to_verify_identity: Customer cannot confirm their identity during the verification process | lost_or_stolen_phone: Report a lost or stolen phone linked to your bank account,ambiguous,direct_debit_payment_not_recognised or cash_withdrawal_not_recognised also fits because the transaction type is not specified.
banking77-v3_banking77_test_full-001128,label,Someone stole my cards!,json,lost_or_stolen_phone,Report a lost or stolen phone linked to your bank account,other: None of the listed options | lost_or_stolen_phone: Report a lost or stolen phone linked to your bank account | disposable_card_limits: Questions or issues about limits on disposable or virtual cards | card_payment_fee_charged: Questions about fees charged for card payments or transactions | country_support: Questions about which countries the bank provides support or services in | receiving_money: Questions or issues about receiving money into your bank account | lost_or_stolen_card: Report a lost or stolen card and request assistance or replacement | getting_spare_card: Requesting an additional or replacement physical card for the account | card_delivery_estimate: Ask about the expected time for receiving a new or replacement card | verify_my_identity: Messages asking how to confirm or prove your identity with the bank,label_wrong,"Best option: lost_or_stolen_card; the message explicitly says cards were stolen, not a phone."
banking77-v3_banking77_test_full-000868,label,What do I need to do for a PIN?,json,get_physical_card,Requesting to receive a new physical bank card by mail or pickup,other: None of the listed options | pin_blocked: Messages about a blocked card PIN preventing access or transactions | getting_spare_card: Requesting an additional or replacement physical card for the account | order_physical_card: Request to order a new physical bank card for account use | get_physical_card: Requesting to receive a new physical bank card by mail or pickup | top_up_by_cash_or_cheque: Questions or issues about adding money using cash or cheque deposits | verify_source_of_funds: Ask for confirmation or proof of where the funds originated | beneficiary_not_allowed: Messages about being unable to add or use a specific beneficiary for transfers | declined_transfer: Messages about a bank transfer that was declined or not completed | age_limit: Questions about the minimum or maximum age required for banking services,convention,"Literal best option: other; this is a generic PIN question, but Banking77 convention assigns PIN questions to get_physical_card."
clinc-test_indomain-001921,intent,start using a different accent,plain,change_accent,Inquiries about altering the assistant's spoken accent,travel_alert: Messages about warnings or updates on travel safety and conditions | next_song: Command to start playing the subsequent song | nutrition_info: Inquires about nutritional facts and health information of meals | rewards_balance: Inquire about the current balance of your rewards or loyalty points | other: None of the listed intents | report_lost_card: Request to report a missing or lost credit or debit card | credit_limit_change: Requests to increase or decrease the credit card spending limit | reset_settings: A request to restore device or app settings to their defaults | cancel: A request to stop or revoke a previously made action or booking | change_accent: Inquiries about altering the assistant's spoken accent | insurance_change: Asks to change an insurance plan or get new insurance coverage | meal_suggestion: Asking for meal ideas or food suggestions,label_correct,
clinc-test_indomain-003205,intent,make sure i get a delta flight from pittsburgh to arizona,json,book_flight,Request to book a flight for travel arrangements,vaccines: Inquiries regarding vaccine details and immunization schedules | other: None of the listed intents | travel_suggestion: Asking for recommendations on where to travel or visit | card_declined: Inquiries related to a card transaction failing or being denied | book_flight: Request to book a flight for travel arrangements,label_correct,
banking77-v3_banking77_test_full-001729,label,I checked the exchange rate when I withdrew cash. But the actual rate that you applied was different.,json,wrong_exchange_rate_for_cash_withdrawal,Customer reports incorrect exchange rate applied to cash withdrawal transaction,wrong_exchange_rate_for_cash_withdrawal: Customer reports incorrect exchange rate applied to cash withdrawal transaction | balance_not_updated_after_bank_transfer: Customer reports balance not updated after completing a bank transfer | other: None of the listed options | card_linking: Questions or issues about linking a card to your bank account or app | top_up_by_cash_or_cheque: Questions or issues about adding money using cash or cheque deposits | apple_pay_or_google_pay: Questions or issues related to using Apple Pay or Google Pay services | lost_or_stolen_card: Report a lost or stolen card and request assistance or replacement | verify_source_of_funds: Ask for confirmation or proof of where the funds originated | fiat_currency_support: Questions about supported fiat currencies for banking transactions | automatic_top_up: Questions or issues related to automatic account top-up services,label_correct,
